pickup_community_area,fare,trip_start_month,trip_start_hour,trip_start_day,trip_start_timestamp,pickup_latitude,pickup_longitude,dropoff_latitude,dropoff_longitude,trip_miles,pickup_census_tract,dropoff_census_tract,payment_type,company,trip_seconds,dropoff_community_area,tips
0,3.25,11,12,4,1416401100,0.0,0.0,0.0,0.0,0.0,0,0,Credit Card,NA,0,0,0.0
0,7.25,11,15,1,1416151800,0.0,0.0,0.0,0.0,1.5,0,0,Cash,NA,540,0,0.0
0,11.65,11,15,1,1416150000,0.0,0.0,0.0,0.0,3.6,0,0,Cash,NA,1020,0,0.0
0,6.65,11,16,1,1416154500,0.0,0.0,0.0,0.0,1.5,0,0,Cash,NA,420,0,0.0
0,48.75,8,8,3,1565078400,0.0,0.0,0.0,0.0,19.4,0,0,Cash,City Service,3473,0,0.0
0,6.0,8,19,4,1566414000,0.0,0.0,0.0,0.0,0.8,0,0,Cash,Taxi Affiliation Services,360,0,0.0
0,10.25,1,3,1,1390100400,0.0,0.0,0.0,0.0,0.0,0,0,Credit Card,Chicago Elite Cab Corp. (Chicago Carriag,960,0,2.05
0,11.65,11,16,1,1416156300,0.0,0.0,0.0,0.0,3.4,0,0,Credit Card,NA,960,0,2.0
0,3.25,8,9,5,1567069200,0.0,0.0,0.0,0.0,0.0,0,0,Cash,Chicago Medallion Management,0,0,0.0
0,11.5,8,18,4,1565200800,0.0,0.0,0.0,0.0,2.0,0,0,Credit Card,City Service,1335,0,3.0
0,17.75,8,15,4,1565190900,0.0,0.0,0.0,0.0,4.62,0,0,Cash,Flash Cab,1490,0,0.0
0,11.5,8,22,3,1565130600,0.0,0.0,0.0,0.0,0.0,0,0,Cash,Star North Management LLC,780,0,0.0
0,7.5,8,18,4,1565203500,0.0,0.0,0.0,0.0,1.1,0,0,Credit Card,Star North Management LLC,480,0,1.0
0,8.25,8,10,2,1408962600,0.0,0.0,0.0,0.0,0.0,0,0,Credit Card,Chicago Elite Cab Corp. (Chicago Carriag,0,0,1.65
0,11.0,8,11,5,1565262900,0.0,0.0,0.0,0.0,2.75,0,0,Cash,Flash Cab,823,0,0.0
0,13.25,1,20,7,1390682700,0.0,0.0,0.0,0.0,0.0,0,0,Credit Card,Chicago Elite Cab Corp. (Chicago Carriag,0,0,2.65
0,37.0,8,23,1,1564959600,0.0,0.0,0.0,0.0,14.41,0,0,Credit Card,Flash Cab,1740,0,8.3
0,38.75,8,23,4,1566429300,0.0,0.0,0.0,0.0,15.8,0,0,Cash,Chicago Independents,1500,0,0.0
0,41.25,1,18,2,1390241700,0.0,0.0,0.0,0.0,0.0,0,0,Credit Card,Chicago Elite Cab Corp. (Chicago Carriag,0,0,5.0
0,5.25,1,19,7,1390679100,0.0,0.0,0.0,0.0,0.0,0,0,Credit Card,Chicago Elite Cab Corp. (Chicago Carriag,0,0,1.31
0,6.25,8,14,2,1408977900,0.0,0.0,0.0,0.0,0.0,0,0,Credit Card,T.A.S. - Payment Only,0,0,2.0
0,20.0,8,22,6,1564785000,0.0,0.0,0.0,0.0,0.0,0,0,Credit Card,Taxi Affiliation Services,0,0,5.0
0,8.25,11,17,1,1416158100,0.0,0.0,0.0,0.0,2.1,0,0,Cash,NA,660,0,0.0
0,7.65,1,20,2,1390248900,0.0,0.0,0.0,0.0,0.0,0,0,Credit Card,Chicago Elite Cab Corp. (Chicago Carriag,0,0,2.0
0,5.65,11,14,1,1416149100,0.0,0.0,0.0,0.0,1.0,0,0,Cash,NA,360,0,0.0
0,4.65,11,15,1,1416150900,0.0,0.0,0.0,0.0,0.7,0,0,Cash,NA,120,0,0.0
0,10.05,1,4,1,1390106700,0.0,0.0,0.0,0.0,0.0,0,0,Credit Card,Chicago Elite Cab Corp. (Chicago Carriag,0,0,3.02
0,19.75,8,7,5,1565854200,0.0,0.0,0.0,0.0,6.6,0,0,Cash,Star North Management LLC,1200,0,0.0
0,28.65,8,10,2,1408963500,0.0,0.0,0.0,0.0,0.0,0,0,Credit Card,Chicago Elite Cab Corp. (Chicago Carriag,0,0,5.73
0,19.25,8,9,5,1567070100,0.0,0.0,0.0,0.0,6.53,0,0,Cash,Flash Cab,1177,0,0.0
0,13.0,8,8,4,1565167500,0.0,0.0,0.0,0.0,0.2,0,0,Cash,Blue Ribbon Taxi Association Inc.,1020,0,0.0
0,22.5,8,15,1,1565537400,0.0,0.0,0.0,0.0,7.7,0,0,Credit Card,Chicago Independents,1332,0,3.68
0,11.75,8,20,5,1565901000,0.0,0.0,0.0,0.0,0.1,0,0,Cash,Blue Ribbon Taxi Association Inc.,840,0,0.0
0,14.0,5,10,7,1464429600,0.0,0.0,0.0,0.0,6.0,0,0,Credit Card,303 Taxi,686,0,2.8
0,10.0,5,10,7,1464432300,0.0,0.0,0.0,0.0,4.0,0,0,Cash,303 Taxi,438,0,0.0
0,9.5,8,17,6,1566580500,0.0,0.0,0.0,0.0,2.16,0,0,Cash,Flash Cab,685,0,0.0
0,2.0,5,9,1,1464515100,0.0,0.0,0.0,0.0,0.0,0,0,Cash,303 Taxi,2,0,0.0
0,2.0,5,9,1,1464515100,0.0,0.0,0.0,0.0,0.0,0,0,Cash,303 Taxi,3,0,0.0
0,4.8,5,10,1,1464517800,0.0,0.0,0.0,0.0,1.3,0,0,Cash,303 Taxi,215,0,0.0
0,15.4,5,11,1,1464520500,0.0,0.0,0.0,0.0,5.4,0,0,Cash,303 Taxi,798,0,0.0
0,7.0,5,12,1,1464523200,0.0,0.0,0.0,0.0,2.1,0,0,Cash,303 Taxi,436,0,0.0
0,2.0,5,15,2,1464621300,0.0,0.0,0.0,0.0,0.0,0,0,Cash,303 Taxi,5,0,0.0
0,2.0,5,15,2,1464621300,0.0,0.0,0.0,0.0,0.0,0,0,Cash,303 Taxi,4,0,0.0
0,7.4,5,15,2,1464623100,0.0,0.0,0.0,0.0,2.4,0,0,Credit Card,303 Taxi,466,0,1.0
0,0.01,5,17,2,1464628500,0.0,0.0,0.0,0.0,12.2,0,0,Cash,303 Taxi,1295,0,0.0
0,10.0,5,7,7,1464419700,0.0,0.0,0.0,0.0,3.5,0,0,Cash,303 Taxi,612,0,0.0
0,0.01,5,7,7,1464421500,0.0,0.0,0.0,0.0,0.0,0,0,Cash,303 Taxi,6,0,0.0
0,0.01,5,7,7,1464421500,0.0,0.0,0.0,0.0,0.0,0,0,Cash,303 Taxi,154,0,0.0
0,14.0,5,15,2,1464622200,0.0,0.0,0.0,0.0,4.0,0,0,Cash,303 Taxi,1169,0,0.0
0,4.2,5,17,2,1464629400,0.0,0.0,0.0,0.0,0.9,0,0,Cash,303 Taxi,200,0,0.0
0,27.75,8,21,2,1566251100,0.0,0.0,0.0,0.0,10.04,0,0,Mobile,Chicago Carriage Cab Corp,2003,0,6.35
0,43.4,5,6,3,1464675300,0.0,0.0,0.0,0.0,15.8,0,0,Credit Card,303 Taxi,2055,0,6.81
0,10.6,5,7,3,1464678900,0.0,0.0,0.0,0.0,3.9,0,0,Cash,303 Taxi,615,0,0.0
0,9.4,5,8,3,1464683400,0.0,0.0,0.0,0.0,3.0,0,0,Cash,303 Taxi,604,0,0.0
0,3.6,5,9,3,1464686100,0.0,0.0,0.0,0.0,0.8,0,0,Cash,303 Taxi,137,0,0.0
0,5.8,5,11,1,1464520500,0.0,0.0,0.0,0.0,1.5,0,0,Credit Card,303 Taxi,371,0,3.0
0,4.0,5,12,1,1464525900,0.0,0.0,0.0,0.0,0.7,17031809400,17031809400,Cash,303 Taxi,228,0,0.0
0,2.0,5,17,1,1464543900,0.0,0.0,0.0,0.0,0.0,0,0,Cash,303 Taxi,3,0,0.0
0,4.4,5,11,2,1464606000,0.0,0.0,0.0,0.0,1.0,0,0,Cash,303 Taxi,220,0,0.0
0,0.01,5,14,2,1464618600,0.0,0.0,0.0,0.0,0.2,0,0,Credit Card,303 Taxi,95,0,0.0
0,17.4,5,14,3,1464705000,0.0,0.0,0.0,0.0,6.0,0,0,Cash,303 Taxi,844,0,0.0
0,3.0,5,15,3,1464706800,0.0,0.0,0.0,0.0,0.4,0,0,Cash,303 Taxi,128,0,0.0
0,10.0,5,15,3,1464707700,0.0,0.0,0.0,0.0,3.4,0,0,Cash,303 Taxi,632,0,0.0
0,34.8,5,18,5,1464286500,0.0,0.0,0.0,0.0,10.9,0,0,Cash,303 Taxi,2208,0,0.0
0,20.6,5,21,5,1464296400,0.0,0.0,0.0,0.0,7.1,0,0,Cash,303 Taxi,983,0,0.0
0,2.0,5,21,5,1464298200,0.0,0.0,0.0,0.0,0.0,0,0,Cash,303 Taxi,19,0,0.0
0,7.2,5,21,5,1464298200,0.0,0.0,0.0,0.0,2.5,0,0,Cash,303 Taxi,405,0,0.0
0,12.0,5,22,5,1464302700,0.0,0.0,0.0,0.0,4.0,0,0,Cash,303 Taxi,758,0,0.0
0,2.0,5,23,5,1464303600,0.0,0.0,0.0,0.0,0.0,0,0,Cash,303 Taxi,6,0,0.0
0,6.5,8,20,6,1564776900,0.0,0.0,0.0,0.0,0.9,0,0,Cash,Choice Taxi Association,420,0,0.0
0,14.2,5,23,5,1464305400,0.0,0.0,0.0,0.0,5.4,0,0,Cash,303 Taxi,813,0,0.0
0,12.85,1,6,1,1390113000,0.0,0.0,0.0,0.0,0.0,0,0,Credit Card,Taxi Affiliation Services,0,0,1.0
0,3.25,8,14,5,1565877600,0.0,0.0,0.0,0.0,0.0,0,0,Credit Card,Nova Taxi Affiliation Llc,5,0,0.0
0,42.25,8,19,4,1565206200,0.0,0.0,0.0,0.0,16.74,0,0,Credit Card,Flash Cab,2169,0,9.55
0,18.5,8,9,2,1566207900,0.0,0.0,0.0,0.0,6.4,0,0,Credit Card,KOAM Taxi Association,900,0,2.78
0,6.8,5,0,6,1464307200,0.0,0.0,0.0,0.0,1.5,0,0,Cash,303 Taxi,395,0,0.0
0,7.45,12,16,5,1417711500,0.0,0.0,0.0,0.0,1.0,0,0,Credit Card,NA,660,0,1.0
0,5.05,12,16,5,1417710600,0.0,0.0,0.0,0.0,0.5,0,0,Cash,NA,300,0,0.0
0,6.45,12,11,5,1417692600,0.0,0.0,0.0,0.0,1.2,0,0,Cash,NA,420,0,0.0
0,4.25,12,11,5,1417692600,0.0,0.0,0.0,0.0,0.4,0,0,Cash,NA,180,0,0.0
0,3.85,12,11,5,1417693500,0.0,0.0,0.0,0.0,0.3,0,0,Cash,NA,60,0,0.0
0,9.25,12,12,5,1417694400,0.0,0.0,0.0,0.0,2.5,0,0,Credit Card,NA,720,0,2.0
0,11.05,12,12,5,1417695300,0.0,0.0,0.0,0.0,3.4,0,0,Cash,NA,900,0,0.0
0,7.05,12,12,5,1417696200,0.0,0.0,0.0,0.0,1.5,0,0,Credit Card,NA,480,0,2.0
0,8.05,12,7,5,1417678200,0.0,0.0,0.0,0.0,2.0,0,0,Credit Card,NA,600,0,1.5
0,8.0,8,12,2,1566218700,0.0,0.0,0.0,0.0,1.4,0,0,Cash,Chicago Taxicab,656,0,0.0
0,6.5,8,9,6,1564739100,0.0,0.0,0.0,0.0,1.0,0,0,Credit Card,City Service,407,0,2.0
0,24.0,8,18,7,1564855200,0.0,0.0,0.0,0.0,8.07,0,0,Cash,Flash Cab,1431,0,0.0
0,8.85,12,8,5,1417680000,0.0,0.0,0.0,0.0,1.9,0,0,Cash,NA,720,0,0.0
0,9.0,8,8,2,1566202500,0.0,0.0,0.0,0.0,2.4,0,0,Cash,City Service,565,0,0.0
0,30.0,8,21,5,1564695900,0.0,0.0,0.0,0.0,0.0,0,0,Cash,Blue Ribbon Taxi Association Inc.,1860,0,0.0
0,14.05,8,13,4,1408542300,0.0,0.0,0.0,0.0,5.6,0,0,Cash,Choice Taxi Association,720,0,0.0
0,9.5,8,0,6,1565308800,0.0,0.0,0.0,0.0,2.46,0,0,Cash,Chicago Carriage Cab Corp,574,0,0.0
0,7.75,8,3,7,1564803900,0.0,0.0,0.0,0.0,0.1,0,0,Cash,Blue Ribbon Taxi Association Inc.,240,0,0.0
0,26.45,1,5,1,1390109400,0.0,0.0,0.0,0.0,0.0,0,0,Credit Card,Chicago Elite Cab Corp. (Chicago Carriag,0,0,2.0
0,44.5,8,21,5,1566509400,0.0,0.0,0.0,0.0,17.86,0,0,Credit Card,Sun Taxi,2235,0,10.0
0,30.0,8,21,7,1566075600,0.0,0.0,0.0,0.0,10.77,0,0,Cash,Flash Cab,1699,0,0.0
0,7.4,8,13,4,1566999000,0.0,0.0,0.0,0.0,2.6,0,0,Cash,Taxi Affiliation Services,420,0,0.0
0,13.25,8,11,3,1566301500,0.0,0.0,0.0,0.0,4.1,0,0,Credit Card,Choice Taxi Association,780,0,1.0
0,30.05,8,5,2,1408942800,0.0,0.0,0.0,0.0,0.0,0,0,Credit Card,Chicago Elite Cab Corp. (Chicago Carriag,0,0,6.0
0,5.65,12,10,5,1417688100,0.0,0.0,0.0,0.0,1.0,0,0,Cash,NA,360,0,0.0
0,7.65,1,16,5,1389285900,0.0,0.0,0.0,0.0,0.0,0,0,Credit Card,Chicago Elite Cab Corp. (Chicago Carriag,0,0,1.53
0,5.25,8,17,2,1565631000,0.0,0.0,0.0,0.0,0.8,0,0,Credit Card,City Service,237,0,2.0
0,44.0,8,22,5,1564699500,0.0,0.0,0.0,0.0,17.84,0,0,Cash,Taxi Affiliation Service Yellow,1684,0,0.0
0,6.5,8,18,4,1565805600,0.0,0.0,0.0,0.0,0.8,0,0,Credit Card,"Taxicab Insurance Agency, LLC",540,0,1.0
0,32.0,8,7,2,1566198900,0.0,0.0,0.0,0.0,12.1,0,0,Credit Card,Choice Taxi Association,1620,0,7.3
0,9.0,8,20,6,1565985600,0.0,0.0,0.0,0.0,1.9,0,0,Credit Card,City Service,754,0,3.0
0,51.5,8,16,1,1566144000,0.0,0.0,0.0,0.0,19.6,0,0,Cash,Choice Taxi Association,2700,0,0.0
0,11.5,8,23,5,1564700400,0.0,0.0,0.0,0.0,2.72,0,0,Cash,Flash Cab,1038,0,0.0
0,19.0,8,21,6,1566595800,0.0,0.0,0.0,0.0,6.48,0,0,Cash,24 Seven Taxi,787,0,0.0
0,11.25,12,10,5,1417689000,0.0,0.0,0.0,0.0,3.2,0,0,Cash,NA,1020,0,0.0
0,62.5,8,12,6,1565352900,0.0,0.0,0.0,0.0,24.0,0,0,Cash,Medallion Leasin,4740,0,0.0
0,9.75,1,3,5,1391050800,0.0,0.0,0.0,0.0,0.0,0,0,Credit Card,Chicago Elite Cab Corp. (Chicago Carriag,0,0,2.93
0,9.5,8,11,6,1567163700,0.0,0.0,0.0,0.0,2.2,0,0,Credit Card,City Service,777,0,0.0
0,9.75,8,9,5,1566464400,0.0,0.0,0.0,0.0,2.6,0,0,Credit Card,Chicago Taxicab,1046,0,2.0
0,5.0,8,8,4,1566980100,0.0,0.0,0.0,0.0,0.6,0,0,Credit Card,Flash Cab,303,0,0.0
0,46.0,8,19,5,1565293500,0.0,0.0,0.0,0.0,18.43,0,0,Credit Card,Flash Cab,2779,0,12.62
0,6.0,8,13,6,1565960400,0.0,0.0,0.0,0.0,1.01,0,0,Cash,Chicago Carriage Cab Corp,349,0,0.0
0,6.85,2,20,7,1391891400,0.0,0.0,0.0,0.0,1.9,0,0,Cash,Choice Taxi Association,300,0,0.0
0,0.01,8,8,5,1567065600,0.0,0.0,0.0,0.0,24.42,0,0,Cash,Flash Cab,2585,0,0.0
0,3.25,8,20,6,1564776000,0.0,0.0,0.0,0.0,0.0,0,0,Cash,"Taxicab Insurance Agency, LLC",0,0,0.0
0,11.75,8,23,1,1564961400,0.0,0.0,0.0,0.0,3.27,0,0,Cash,Chicago Carriage Cab Corp,617,0,0.0
0,20.25,1,13,6,1391174100,0.0,0.0,0.0,0.0,0.0,0,0,Credit Card,Chicago Elite Cab Corp. (Chicago Carriag,0,0,6.08
0,6.75,8,23,6,1567206900,0.0,0.0,0.0,0.0,0.0,0,0,Credit Card,Suburban Dispatch LLC,0,0,2.0
0,5.5,8,8,3,1565683200,0.0,0.0,0.0,0.0,0.72,0,0,Credit Card,Flash Cab,281,0,2.0
0,30.0,8,15,5,1566486000,0.0,0.0,0.0,0.0,8.95,0,0,Cash,Nova Taxi Affiliation Llc,2732,0,0.0
0,5.5,8,22,4,1565820000,0.0,0.0,0.0,0.0,0.0,0,0,Credit Card,Blue Ribbon Taxi Association Inc.,360,0,2.0
0,6.45,12,10,5,1417689900,0.0,0.0,0.0,0.0,1.4,0,0,Cash,NA,420,0,0.0
0,22.0,8,23,2,1565046000,0.0,0.0,0.0,0.0,7.02,0,0,Cash,Flash Cab,1435,0,0.0
0,42.25,8,22,2,1565648100,0.0,0.0,0.0,0.0,16.63,0,0,Credit Card,24 Seven Taxi,1795,0,5.0
0,6.25,12,11,5,1417691700,0.0,0.0,0.0,0.0,1.3,0,0,Credit Card,NA,360,0,1.0
0,8.5,8,11,4,1565175600,0.0,0.0,0.0,0.0,2.3,0,0,Cash,Chicago Taxicab,739,0,0.0
0,7.25,12,6,5,1417672800,0.0,0.0,0.0,0.0,1.9,0,0,Cash,NA,360,0,0.0
0,4.65,12,9,5,1417684500,0.0,0.0,0.0,0.0,0.6,0,0,Cash,NA,180,0,0.0
0,6.25,12,7,5,1417677300,0.0,0.0,0.0,0.0,1.2,0,0,Credit Card,NA,360,0,2.0
0,9.05,12,9,5,1417686300,0.0,0.0,0.0,0.0,2.2,0,0,Credit Card,NA,720,0,3.0
0,7.45,12,8,5,1417682700,0.0,0.0,0.0,0.0,1.8,0,0,Cash,NA,480,0,0.0
0,7.05,12,9,5,1417684500,0.0,0.0,0.0,0.0,1.6,0,0,Credit Card,NA,480,0,1.0
0,5.05,12,8,5,1417680900,0.0,0.0,0.0,0.0,0.5,0,0,Cash,NA,300,0,0.0
0,5.45,12,8,5,1417681800,0.0,0.0,0.0,0.0,0.5,0,0,Cash,NA,420,0,0.0
0,12.05,12,6,5,1417675500,0.0,0.0,0.0,0.0,3.9,0,0,Credit Card,NA,840,0,2.0
0,4.65,12,8,5,1417682700,0.0,0.0,0.0,0.0,0.4,0,0,Credit Card,NA,300,0,1.0
0,6.25,12,6,5,1417673700,0.0,0.0,0.0,0.0,1.3,0,0,Cash,NA,360,0,0.0
0,4.84,12,6,5,1417672800,0.0,0.0,0.0,0.0,0.6,0,0,Cash,NA,240,0,0.0
0,7.25,12,8,5,1417680900,0.0,0.0,0.0,0.0,1.3,0,0,Cash,NA,600,0,0.0
0,14.8,5,1,6,1464311700,0.0,0.0,0.0,0.0,5.1,0,0,Cash,303 Taxi,564,0,0.0
0,4.25,8,0,7,1564793100,0.0,0.0,0.0,0.0,0.4,0,0,Cash,Chicago Taxicab,134,0,0.0
0,3.75,8,20,5,1565899200,0.0,0.0,0.0,0.0,0.0,0,0,Cash,Chicago Independents,125,0,0.0
0,12.25,8,11,7,1566644400,0.0,0.0,0.0,0.0,0.0,0,0,Dispute,Choice Taxi Association,960,0,0.0
0,15.0,8,4,5,1566449100,0.0,0.0,0.0,0.0,0.0,0,0,Credit Card,Suburban Dispatch LLC,0,0,5.0
0,36.75,8,21,2,1566250200,0.0,0.0,0.0,0.0,14.12,0,0,Mobile,Flash Cab,2223,0,8.15
0,3.4,5,1,6,1464312600,0.0,0.0,0.0,0.0,0.6,0,0,Cash,303 Taxi,123,0,0.0
0,10.0,8,20,6,1566590400,0.0,0.0,0.0,0.0,2.25,0,0,Credit Card,Chicago Carriage Cab Corp,798,0,2.0
0,9.75,8,17,4,1565199900,0.0,0.0,0.0,0.0,2.3,0,0,Credit Card,City Service,711,0,2.0
0,7.5,8,13,2,1565012700,0.0,0.0,0.0,0.0,1.56,0,0,Cash,Chicago Carriage Cab Corp,462,0,0.0
0,6.0,8,13,5,1565875800,0.0,0.0,0.0,0.0,0.9,0,0,Credit Card,Chicago Independents,378,0,3.0
0,10.25,8,6,3,1566885600,0.0,0.0,0.0,0.0,2.73,0,0,Cash,Flash Cab,547,0,0.0
0,44.25,8,6,4,1566369900,0.0,0.0,0.0,0.0,17.53,0,0,Credit Card,Flash Cab,3040,0,9.75
0,6.25,8,20,7,1564863300,0.0,0.0,0.0,0.0,1.1,0,0,Credit Card,Star North Management LLC,420,0,4.0
0,13.45,12,1,2,1388367900,0.0,0.0,0.0,0.0,0.0,0,0,Credit Card,Chicago Elite Cab Corp. (Chicago Carriag,1020,0,4.04
0,5.75,8,12,6,1566561600,0.0,0.0,0.0,0.0,0.77,0,0,Cash,Chicago Carriage Cab Corp,300,0,0.0
0,18.45,2,22,3,1391553000,0.0,0.0,0.0,0.0,0.0,0,0,Credit Card,Chicago Elite Cab Corp. (Chicago Carriag,0,0,5.54
0,26.8,5,17,6,1464368400,0.0,0.0,0.0,0.0,9.4,0,0,Cash,303 Taxi,1400,0,0.0
0,24.4,5,18,6,1464372900,0.0,0.0,0.0,0.0,8.4,0,0,Cash,303 Taxi,1272,0,0.0
0,30.8,5,19,6,1464377400,0.0,0.0,0.0,0.0,10.6,0,0,Cash,303 Taxi,1549,0,0.0
0,14.0,5,20,6,1464381900,0.0,0.0,0.0,0.0,4.6,0,0,Cash,303 Taxi,697,0,0.0
0,7.0,5,21,6,1464385500,0.0,0.0,0.0,0.0,1.8,0,0,Cash,303 Taxi,360,0,0.0
0,18.4,5,22,6,1464387300,0.0,0.0,0.0,0.0,6.5,0,0,Cash,303 Taxi,809,0,0.0
0,12.8,5,23,6,1464392700,0.0,0.0,0.0,0.0,4.3,0,0,Cash,303 Taxi,585,0,0.0
0,0.01,5,2,2,1464573600,0.0,0.0,0.0,0.0,0.0,0,0,Cash,303 Taxi,2,0,0.0
0,2.0,5,9,6,1464342300,0.0,0.0,0.0,0.0,0.0,0,0,Cash,303 Taxi,1,0,0.0
0,15.4,5,10,6,1464343200,0.0,0.0,0.0,0.0,6.1,0,0,Cash,303 Taxi,833,0,0.0
0,13.6,5,11,6,1464347700,0.0,0.0,0.0,0.0,4.0,0,0,Cash,303 Taxi,969,0,0.0
0,0.01,5,17,6,1464368400,0.0,0.0,0.0,0.0,0.0,0,0,Credit Card,303 Taxi,22,0,11.0
0,6.0,8,8,6,1567154700,0.0,0.0,0.0,0.0,0.6,0,0,Credit Card,Star North Management LLC,420,0,2.0
0,2.0,8,17,5,1567099800,0.0,0.0,0.0,0.0,0.0,0,0,Cash,Taxi Affiliation Services,0,0,0.0
0,11.5,8,17,6,1564765200,0.0,0.0,0.0,0.0,2.3,0,0,Cash,Chicago Independents,1476,0,0.0
0,33.8,5,14,7,1464444000,0.0,0.0,0.0,0.0,12.9,17031801800,0,Cash,303 Taxi,1075,0,0.0
0,33.25,8,11,5,1567076400,0.0,0.0,0.0,0.0,12.44,0,0,Credit Card,Chicago Carriage Cab Corp,1945,0,7.55
0,35.5,8,19,3,1565725500,0.0,0.0,0.0,0.0,13.54,0,0,Credit Card,Flash Cab,1918,0,10.0
0,9.75,8,11,6,1566560700,0.0,0.0,0.0,0.0,1.99,0,0,Cash,Flash Cab,879,0,0.0
0,3.25,8,19,7,1564861500,0.0,0.0,0.0,0.0,0.0,0,0,Credit Card,Choice Taxi Association,0,0,5.0
0,7.75,8,9,3,1566293400,0.0,0.0,0.0,0.0,1.08,0,0,Credit Card,Flash Cab,707,0,2.0
0,6.0,5,16,7,1464453000,0.0,0.0,0.0,0.0,1.6,0,0,Cash,303 Taxi,355,0,0.0
0,8.0,8,10,2,1566814500,0.0,0.0,0.0,0.0,1.5,0,0,Cash,Choice Taxi Association,540,0,0.0
0,8.0,8,12,6,1564749900,0.0,0.0,0.0,0.0,2.6,0,0,Cash,Taxi Affiliation Services,480,0,0.0
0,9.0,8,15,5,1565279100,0.0,0.0,0.0,0.0,2.4,0,0,Cash,Taxi Affiliation Services,780,0,0.0
0,6.25,8,15,1,1565538300,0.0,0.0,0.0,0.0,1.03,0,0,Credit Card,Chicago Carriage Cab Corp,364,0,1.0
0,12.25,1,19,7,1390678200,0.0,0.0,0.0,0.0,0.0,0,0,Cash,Chicago Elite Cab Corp. (Chicago Carriag,900,0,0.0
0,3.25,1,19,7,1390678200,0.0,0.0,0.0,0.0,0.0,0,0,Cash,Dispatch Taxi Affiliation,0,0,0.0
0,6.65,1,13,1,1390137300,0.0,0.0,0.0,0.0,0.0,0,0,Credit Card,Chicago Elite Cab Corp. (Chicago Carriag,0,0,1.66
0,21.45,1,22,4,1391032800,0.0,0.0,0.0,0.0,0.0,0,0,Credit Card,Chicago Elite Cab Corp. (Chicago Carriag,0,0,4.29
0,15.75,8,17,5,1565284500,0.0,0.0,0.0,0.0,4.4,0,0,Cash,Star North Management LLC,1200,0,0.0
0,21.0,8,23,2,1565047800,0.0,0.0,0.0,0.0,0.0,0,0,Credit Card,Suburban Dispatch LLC,0,0,2.0
0,6.95,2,19,3,1391542200,0.0,0.0,0.0,0.0,0.0,0,0,Credit Card,Chicago Elite Cab Corp. (Chicago Carriag,0,0,1.74
0,8.0,8,14,6,1564757100,0.0,0.0,0.0,0.0,1.53,0,0,Cash,Flash Cab,620,0,0.0
0,10.75,8,0,7,1565396100,0.0,0.0,0.0,0.0,3.04,0,0,Cash,Flash Cab,640,0,0.0
0,9.0,8,12,4,1565785800,0.0,0.0,0.0,0.0,1.48,0,0,Cash,Flash Cab,854,0,0.0
0,11.0,8,14,5,1565275500,0.0,0.0,0.0,0.0,2.4,0,0,Unknown,"Taxicab Insurance Agency, LLC",900,0,0.0
0,7.2,5,17,7,1464455700,0.0,0.0,0.0,0.0,2.1,0,0,Cash,303 Taxi,446,0,0.0
0,3.25,8,16,4,1565800200,0.0,0.0,0.0,0.0,0.0,0,0,Cash,Flash Cab,35,0,0.0
0,0.0,8,15,2,1566227700,0.0,0.0,0.0,0.0,0.0,0,0,Cash,Patriot Taxi Dba Peace Taxi Associat,97,0,0.0
0,26.75,8,7,6,1564731900,0.0,0.0,0.0,0.0,9.84,0,0,Cash,Flash Cab,1428,0,0.0
0,9.0,8,14,6,1565965800,0.0,0.0,0.0,0.0,1.2,0,0,Cash,City Service,878,0,0.0
0,8.5,8,23,6,1565998200,0.0,0.0,0.0,0.0,2.05,0,0,Credit Card,Flash Cab,683,0,2.0
0,11.5,8,11,6,1565954100,0.0,0.0,0.0,0.0,2.5,0,0,Credit Card,Top Cab Affiliation,900,0,2.4
0,33.25,8,20,5,1567108800,0.0,0.0,0.0,0.0,13.08,0,0,Cash,Flash Cab,1893,0,0.0
0,26.5,8,16,5,1566492300,0.0,0.0,0.0,0.0,0.0,0,0,Cash,Taxi Affiliation Services,1320,0,0.0
0,9.4,5,18,7,1464458400,0.0,0.0,0.0,0.0,3.5,0,0,Cash,303 Taxi,521,0,0.0
0,2.0,5,18,7,1464459300,0.0,0.0,0.0,0.0,0.0,0,0,Cash,303 Taxi,6,0,0.0
0,5.75,8,10,6,1566557100,0.0,0.0,0.0,0.0,0.98,0,0,Cash,Flash Cab,378,0,0.0
0,4.25,8,9,3,1566292500,0.0,0.0,0.0,0.0,0.4,0,0,Cash,Top Cab Affiliation,120,0,0.0
0,8.5,8,18,6,1565374500,0.0,0.0,0.0,0.0,1.6,0,0,Cash,Chicago Independents,660,0,0.0
0,6.5,8,23,6,1566603900,0.0,0.0,0.0,0.0,1.25,0,0,Credit Card,Flash Cab,361,0,1.0
0,7.25,8,12,6,1566562500,0.0,0.0,0.0,0.0,1.28,0,0,Credit Card,Chicago Carriage Cab Corp,501,0,4.0
0,5.25,8,6,2,1566801900,0.0,0.0,0.0,0.0,0.09,0,0,Cash,Flash Cab,388,0,0.0
0,17.25,8,22,3,1566341100,0.0,0.0,0.0,0.0,0.3,0,0,Credit Card,Blue Ribbon Taxi Association Inc.,1020,0,4.65
0,7.75,8,16,4,1566404100,0.0,0.0,0.0,0.0,1.6,0,0,Credit Card,Taxi Affiliation Service Yellow,581,0,3.0
0,15.0,8,15,5,1565278200,0.0,0.0,0.0,0.0,4.7,0,0,Credit Card,Chicago Independents,780,0,0.77
0,9.75,8,8,1,1565513100,0.0,0.0,0.0,0.0,2.6,0,0,Cash,Taxi Affiliation Service Yellow,544,0,0.0
0,8.25,8,15,1,1408895100,0.0,0.0,0.0,0.0,0.0,0,0,Credit Card,Chicago Elite Cab Corp. (Chicago Carriag,0,0,2.06
0,5.0,8,10,5,1565865900,0.0,0.0,0.0,0.0,0.5,0,0,Credit Card,Medallion Leasin,240,0,3.0
0,3.25,8,10,5,1567074600,0.0,0.0,0.0,0.0,0.01,0,0,Cash,Flash Cab,38,0,0.0
0,11.05,12,4,2,1388376000,0.0,0.0,0.0,0.0,0.0,0,0,Credit Card,Chicago Elite Cab Corp. (Chicago Carriag,960,0,3.32
0,7.75,8,22,7,1567289700,0.0,0.0,0.0,0.0,1.8,0,0,Cash,Chicago Carriage Cab Corp,469,0,0.0
0,21.0,8,12,5,1565871300,0.0,0.0,0.0,0.0,7.3,0,0,Credit Card,Star North Management LLC,780,0,4.5
0,40.0,8,9,6,1564738200,0.0,0.0,0.0,0.0,15.8,0,0,Credit Card,Choice Taxi Association,1500,0,0.0
0,8.45,8,19,1,1408908600,0.0,0.0,0.0,0.0,0.0,0,0,Credit Card,Chicago Elite Cab Corp. (Chicago Carriag,0,0,0.0
0,7.25,8,21,6,1567199700,0.0,0.0,0.0,0.0,1.4,0,0,Cash,Chicago Independents,547,0,0.0
0,13.75,8,23,7,1565478000,0.0,0.0,0.0,0.0,2.9,0,0,Credit Card,City Service,1380,0,2.0
0,24.85,1,4,1,1390710600,0.0,0.0,0.0,0.0,0.0,0,0,Credit Card,Chicago Elite Cab Corp. (Chicago Carriag,0,0,4.97
0,7.5,8,15,6,1565970300,0.0,0.0,0.0,0.0,0.92,0,0,Cash,Flash Cab,693,0,0.0
0,23.75,8,13,4,1565182800,0.0,0.0,0.0,0.0,8.8,0,0,Cash,Chicago Carriage Cab Corp,1176,0,0.0
0,15.05,1,11,1,1390130100,0.0,0.0,0.0,0.0,0.0,0,0,Cash,Blue Ribbon Taxi Association Inc.,960,0,0.0
0,4.45,2,22,7,1391896800,0.0,0.0,0.0,0.0,0.0,0,0,No Charge,Chicago Elite Cab Corp. (Chicago Carriag,0,0,0.89
0,6.85,1,12,4,1389182400,0.0,0.0,0.0,0.0,0.0,0,0,Credit Card,Chicago Elite Cab Corp. (Chicago Carriag,0,0,0.0
0,11.45,11,17,3,1416937500,0.0,0.0,0.0,0.0,2.6,0,0,Cash,NA,1200,0,0.0
0,7.0,8,8,4,1565772300,0.0,0.0,0.0,0.0,1.2,0,0,Credit Card,Choice Taxi Association,480,0,3.0
0,3.25,8,4,5,1567053900,0.0,0.0,0.0,0.0,0.0,0,0,Cash,City Service,24,0,0.0
0,8.5,8,8,2,1564992000,0.0,0.0,0.0,0.0,1.67,0,0,Credit Card,Flash Cab,620,0,2.0
0,8.75,8,15,4,1565192700,0.0,0.0,0.0,0.0,1.95,0,0,Credit Card,Flash Cab,609,0,2.0
0,5.5,8,10,5,1565863200,0.0,0.0,0.0,0.0,0.77,0,0,Credit Card,Flash Cab,294,0,3.0
0,8.05,11,18,3,1416940200,0.0,0.0,0.0,0.0,2.3,0,0,Cash,NA,540,0,0.0
0,16.25,11,19,3,1416942000,0.0,0.0,0.0,0.0,4.7,0,0,Credit Card,NA,1560,0,3.25
0,5.45,11,12,3,1416917700,0.0,0.0,0.0,0.0,0.8,0,0,Cash,NA,300,0,0.0
0,35.85,11,11,3,1416914100,0.0,0.0,0.0,0.0,16.7,0,0,Cash,NA,1980,0,0.0
0,5.45,11,14,3,1416924000,0.0,0.0,0.0,0.0,0.8,0,0,Cash,NA,360,0,0.0
0,8.44,11,12,3,1416918600,0.0,0.0,0.0,0.0,1.9,0,0,Cash,NA,660,0,0.0
0,10.65,11,13,3,1416923100,0.0,0.0,0.0,0.0,3.4,0,0,Cash,NA,840,0,0.0
0,6.65,11,12,3,1416919500,0.0,0.0,0.0,0.0,1.1,0,0,Credit Card,NA,480,0,1.0
0,4.45,11,10,3,1416912300,0.0,0.0,0.0,0.0,0.6,0,0,Credit Card,NA,120,0,1.0
0,7.05,11,10,3,1416911400,0.0,0.0,0.0,0.0,1.59,0,0,Credit Card,NA,480,0,2.0
0,5.25,11,10,3,1416912300,0.0,0.0,0.0,0.0,0.71,0,0,Cash,NA,300,0,0.0
0,6.45,11,11,3,1416915900,0.0,0.0,0.0,0.0,0.88,0,0,Credit Card,NA,420,0,2.0
0,8.05,11,12,3,1416916800,0.0,0.0,0.0,0.0,1.65,0,0,Cash,NA,600,0,0.0
0,17.85,11,12,3,1416918600,0.0,0.0,0.0,0.0,7.16,0,0,Credit Card,NA,1320,0,2.68
0,6.25,11,10,3,1416909600,0.0,0.0,0.0,0.0,1.16,0,0,Credit Card,NA,420,0,2.0
0,0.01,5,20,7,1464468300,0.0,0.0,0.0,0.0,0.0,0,0,Credit Card,303 Taxi,29,0,3.0
0,26.25,8,5,4,1565760600,0.0,0.0,0.0,0.0,10.0,0,0,Cash,Taxi Affiliation Services,1260,0,0.0
0,7.0,8,17,1,1566147600,0.0,0.0,0.0,0.0,1.5,0,0,Credit Card,Top Cab Affiliation,360,0,2.0
0,3.25,8,0,5,1565827200,0.0,0.0,0.0,0.0,0.0,0,0,Cash,Flash Cab,40,0,0.0
0,10.2,5,21,7,1464471000,0.0,0.0,0.0,0.0,3.6,0,0,Cash,303 Taxi,632,0,0.0
0,33.25,8,16,7,1566058500,0.0,0.0,0.0,0.0,12.32,0,0,Credit Card,Flash Cab,1628,0,7.55
0,12.4,5,22,7,1464473700,0.0,0.0,0.0,0.0,5.1,0,0,Cash,303 Taxi,628,0,0.0
0,10.05,1,15,2,1390232700,0.0,0.0,0.0,0.0,0.0,0,0,Credit Card,Taxi Affiliation Services,0,0,0.95
0,3.25,8,18,5,1566498600,0.0,0.0,0.0,0.0,0.0,0,0,Cash,"Taxicab Insurance Agency, LLC",0,0,0.0
0,7.75,8,19,2,1566242100,0.0,0.0,0.0,0.0,1.3,0,0,Credit Card,Top Cab Affiliation,600,0,3.0
0,8.0,8,23,5,1565305200,0.0,0.0,0.0,0.0,1.66,0,0,Cash,Flash Cab,606,0,0.0
0,40.5,8,15,1,1565538300,0.0,0.0,0.0,0.0,16.4,0,0,Credit Card,Choice Taxi Association,2400,0,5.0
0,6.05,12,21,1,1388350800,0.0,0.0,0.0,0.0,0.0,0,0,Credit Card,Chicago Elite Cab Corp. (Chicago Carriag,0,0,2.0
0,9.05,1,18,6,1391191200,0.0,0.0,0.0,0.0,0.0,0,0,Credit Card,Chicago Elite Cab Corp. (Chicago Carriag,0,0,1.81
0,24.0,8,22,5,1566512100,0.0,0.0,0.0,0.0,0.0,0,0,Credit Card,Suburban Dispatch LLC,0,0,5.0
0,43.25,8,11,5,1565869500,0.0,0.0,0.0,0.0,16.75,0,0,Cash,Flash Cab,1896,0,0.0
0,9.25,8,21,5,1565298000,0.0,0.0,0.0,0.0,1.99,0,0,Cash,Chicago Carriage Cab Corp,768,0,0.0
0,45.5,8,12,6,1565958600,0.0,0.0,0.0,0.0,17.7,0,0,Credit Card,Chicago Independents,3445,0,10.0
0,13.75,8,8,4,1566376200,0.0,0.0,0.0,0.0,3.67,0,0,Credit Card,Chicago Carriage Cab Corp,1200,0,0.0
0,6.0,8,18,4,1565201700,0.0,0.0,0.0,0.0,0.78,0,0,Cash,Flash Cab,521,0,0.0
0,3.25,8,19,3,1566327600,0.0,0.0,0.0,0.0,0.0,0,0,Credit Card,Sun Taxi,28,0,11.31
0,35.25,8,23,4,1565220600,0.0,0.0,0.0,0.0,14.09,0,0,Cash,Flash Cab,1276,0,0.0
0,3.25,8,10,6,1566555300,0.0,0.0,0.0,0.0,0.0,0,0,Credit Card,Nova Taxi Affiliation Llc,16,0,0.0
0,11.25,8,10,1,1566727200,0.0,0.0,0.0,0.0,3.08,0,0,Credit Card,Sun Taxi,589,0,3.0
0,8.0,8,16,7,1565452800,0.0,0.0,0.0,0.0,1.3,0,0,Credit Card,Chicago Taxicab,712,0,2.0
0,7.25,12,20,1,1388349900,0.0,0.0,0.0,0.0,0.0,0,0,Credit Card,Chicago Elite Cab Corp. (Chicago Carriag,420,0,1.45
0,16.8,5,23,7,1464478200,0.0,0.0,0.0,0.0,7.2,0,0,Cash,303 Taxi,769,0,0.0
0,35.0,1,5,5,1391059800,0.0,0.0,0.0,0.0,0.0,0,0,Cash,Chicago Elite Cab Corp. (Chicago Carriag,60,0,0.0
0,5.75,8,8,6,1567152900,0.0,0.0,0.0,0.0,0.8,0,0,Cash,Chicago Taxicab,397,0,0.0
0,21.5,8,6,1,1565504100,0.0,0.0,0.0,0.0,7.85,0,0,Cash,Flash Cab,758,0,0.0
0,5.5,8,9,2,1565601300,0.0,0.0,0.0,0.0,0.4,0,0,Cash,City Service,406,0,0.0
0,12.75,8,17,3,1565112600,0.0,0.0,0.0,0.0,2.4,0,0,Cash,Flash Cab,1416,0,0.0
0,16.25,8,10,7,1566036900,0.0,0.0,0.0,0.0,4.97,0,0,Cash,Flash Cab,921,0,0.0
0,3.8,5,1,1,1464484500,0.0,0.0,0.0,0.0,0.9,0,0,Cash,303 Taxi,146,0,0.0
0,13.45,1,22,7,1390689900,0.0,0.0,0.0,0.0,4.7,0,0,Credit Card,Chicago Medallion Management,960,0,1.0
0,6.25,8,19,4,1565811000,0.0,0.0,0.0,0.0,1.0,0,0,Cash,Star North Management LLC,480,0,0.0
0,7.85,2,23,5,1391728500,0.0,0.0,0.0,0.0,0.0,0,0,Credit Card,Chicago Elite Cab Corp. (Chicago Carriag,0,0,1.57
0,8.75,8,8,7,1566031500,0.0,0.0,0.0,0.0,1.3,0,0,Cash,Chicago Independents,780,0,0.0
0,6.0,8,17,5,1566495900,0.0,0.0,0.0,0.0,0.6,0,0,Cash,Star North Management LLC,420,0,0.0
0,2.0,5,1,1,1464484500,0.0,0.0,0.0,0.0,0.0,0,0,Cash,303 Taxi,1,0,0.0
0,15.85,1,19,7,1390677300,0.0,0.0,0.0,0.0,0.0,0,0,Credit Card,Chicago Elite Cab Corp. (Chicago Carriag,1500,0,3.17
0,3.25,8,18,2,1565634600,0.0,0.0,0.0,0.0,0.0,0,0,Cash,Taxi Affiliation Services,0,0,0.0
0,20.0,8,2,6,1564712100,0.0,0.0,0.0,0.0,0.0,0,0,Cash,Star North Management LLC,900,0,0.0
0,13.5,8,18,1,1565549100,0.0,0.0,0.0,0.0,3.8,0,0,Cash,Medallion Leasin,900,0,0.0
0,9.2,5,1,1,1464484500,0.0,0.0,0.0,0.0,1.3,0,0,Cash,303 Taxi,854,0,0.0
0,8.5,8,2,3,1566267300,0.0,0.0,0.0,0.0,2.19,0,0,Cash,Flash Cab,523,0,0.0
0,13.5,8,21,5,1565904600,0.0,0.0,0.0,0.0,3.7,0,0,Credit Card,Choice Taxi Association,960,0,3.75
0,5.75,1,19,7,1390679100,0.0,0.0,0.0,0.0,0.0,0,0,Credit Card,Chicago Elite Cab Corp. (Chicago Carriag,60,0,1.73
0,8.75,8,14,4,1565791200,0.0,0.0,0.0,0.0,1.6,0,0,Credit Card,City Service,681,0,0.0
0,15.0,8,16,3,1565714700,0.0,0.0,0.0,0.0,4.0,0,0,Cash,Metro Jet Taxi A,1245,0,0.0
0,15.85,1,22,7,1390689900,0.0,0.0,0.0,0.0,0.0,0,0,Credit Card,Chicago Elite Cab Corp. (Chicago Carriag,0,0,3.0
0,5.65,11,23,6,1416613500,0.0,0.0,0.0,0.0,0.5,0,0,Credit Card,NA,420,0,0.0
0,7.65,11,0,7,1416614400,0.0,0.0,0.0,0.0,1.4,0,0,Credit Card,NA,600,0,3.0
0,4.65,11,0,7,1416616200,0.0,0.0,0.0,0.0,0.3,0,0,Credit Card,NA,300,0,2.0
0,23.65,11,0,7,1416616200,0.0,0.0,0.0,0.0,10.6,0,0,Cash,NA,1080,0,0.0
0,13.85,11,1,7,1416619800,0.0,0.0,0.0,0.0,5.6,0,0,Cash,NA,600,0,0.0
0,12.25,11,2,7,1416621600,0.0,0.0,0.0,0.0,4.1,0,0,Cash,NA,840,0,0.0
0,4.25,11,20,6,1416600000,0.0,0.0,0.0,0.0,0.4,0,0,Cash,NA,180,0,0.0
0,6.85,11,20,6,1416600000,0.0,0.0,0.0,0.0,1.5,0,0,Cash,NA,420,0,0.0
0,33.65,11,20,6,1416600900,0.0,0.0,0.0,0.0,15.3,0,0,Cash,NA,1740,0,0.0
0,36.04,11,21,6,1416604500,0.0,0.0,0.0,0.0,16.9,0,0,Credit Card,NA,2160,0,7.61
0,5.45,11,22,6,1416607200,0.0,0.0,0.0,0.0,1.0,0,0,Credit Card,NA,240,0,1.0
0,4.45,11,22,6,1416607200,0.0,0.0,0.0,0.0,0.3,0,0,Cash,NA,240,0,0.0
0,11.05,11,17,6,1416590100,0.0,0.0,0.0,0.0,1.7,0,0,Cash,NA,1320,0,0.0
0,7.45,11,18,6,1416592800,0.0,0.0,0.0,0.0,1.3,0,0,Cash,NA,660,0,0.0
0,16.05,11,18,6,1416593700,0.0,0.0,0.0,0.0,5.5,0,0,Cash,NA,1500,0,0.0
0,5.25,11,18,6,1416595500,0.0,0.0,0.0,0.0,0.9,0,0,Credit Card,NA,300,0,2.0
0,11.85,11,18,6,1416595500,0.0,0.0,0.0,0.0,3.4,0,0,Credit Card,NA,1140,0,2.0
0,13.85,11,19,6,1416597300,0.0,0.0,0.0,0.0,3.1,0,0,Cash,NA,1500,0,0.0
0,35.0,8,3,5,1565838000,0.0,0.0,0.0,0.0,0.0,0,0,Credit Card,Suburban Dispatch LLC,0,0,0.0
0,8.95,12,11,2,1388403900,0.0,0.0,0.0,0.0,0.0,0,0,Credit Card,Chicago Elite Cab Corp. (Chicago Carriag,480,0,4.0
0,11.05,11,19,1,1416165300,0.0,0.0,0.0,0.0,3.2,0,0,Credit Card,NA,840,0,2.0
0,15.75,8,9,5,1566464400,0.0,0.0,0.0,0.0,5.1,0,0,Credit Card,Choice Taxi Association,780,0,5.3
0,9.25,8,12,5,1566476100,0.0,0.0,0.0,0.0,1.95,0,0,Cash,Flash Cab,893,0,0.0
0,68.75,8,15,5,1565277300,0.0,0.0,0.0,0.0,26.8,0,0,Cash,City Service,5618,0,0.0
0,56.0,8,19,1,1565551800,0.0,0.0,0.0,0.0,0.0,0,0,Credit Card,Suburban Dispatch LLC,0,0,12.0
0,34.25,8,9,6,1564738200,0.0,0.0,0.0,0.0,11.7,0,0,Credit Card,Top Cab Affiliation,2880,0,7.75
0,16.65,1,20,4,1391025600,0.0,0.0,0.0,0.0,0.0,0,0,Credit Card,Chicago Elite Cab Corp. (Chicago Carriag,0,0,0.0
0,12.45,11,21,1,1416171600,0.0,0.0,0.0,0.0,4.3,0,0,Credit Card,NA,1020,0,2.0
0,37.85,11,23,1,1416178800,0.0,0.0,0.0,0.0,18.7,0,0,Credit Card,NA,1560,0,7.97
0,3.25,8,11,5,1565868600,0.0,0.0,0.0,0.0,0.0,0,0,Cash,Taxi Affiliation Services,0,0,0.0
0,3.25,11,22,3,1416350700,0.0,0.0,0.0,0.0,0.0,0,0,Cash,NA,0,0,0.0
0,7.0,8,18,6,1566584100,0.0,0.0,0.0,0.0,1.1,0,0,Credit Card,Choice Taxi Association,480,0,2.0
0,5.05,11,21,3,1416344400,0.0,0.0,0.0,0.0,0.6,0,0,Credit Card,NA,300,0,3.0
0,5.75,8,7,2,1565595900,0.0,0.0,0.0,0.0,0.77,0,0,Cash,Chicago Carriage Cab Corp,295,0,0.0
0,5.25,1,18,5,1389292200,0.0,0.0,0.0,0.0,0.0,0,0,Cash,Northwest Management LLC,300,0,0.0
0,4.65,11,21,3,1416345300,0.0,0.0,0.0,0.0,0.6,0,0,Credit Card,NA,180,0,2.0
0,14.65,1,8,6,1390553100,0.0,0.0,0.0,0.0,0.0,0,0,Credit Card,Chicago Elite Cab Corp. (Chicago Carriag,0,0,2.93
0,4.5,8,0,7,1567209600,0.0,0.0,0.0,0.0,0.65,0,0,Cash,Flash Cab,85,0,0.0
0,8.5,8,7,2,1565595900,0.0,0.0,0.0,0.0,1.73,0,0,Credit Card,Chicago Carriage Cab Corp,611,0,2.0
0,9.45,12,19,7,1387654200,0.0,0.0,0.0,0.0,0.0,0,0,Credit Card,Chicago Elite Cab Corp. (Chicago Carriag,0,0,1.89
0,8.25,8,15,4,1565797500,0.0,0.0,0.0,0.0,0.0,0,0,Credit Card,Suburban Dispatch LLC,0,0,0.0
0,12.45,1,21,2,1390253400,0.0,0.0,0.0,0.0,0.0,0,0,Credit Card,Taxi Affiliation Services,0,0,3.0
0,8.25,1,8,6,1390553100,0.0,0.0,0.0,0.0,0.0,0,0,Credit Card,Chicago Elite Cab Corp. (Chicago Carriag,0,0,1.65
0,32.4,8,14,4,1565188200,0.0,0.0,0.0,0.0,10.11,0,0,Cash,Flash Cab,2210,0,0.0
0,13.85,11,21,3,1416345300,0.0,0.0,0.0,0.0,5.2,0,0,Credit Card,NA,900,0,3.0
0,3.25,11,21,3,1416345300,0.0,0.0,0.0,0.0,0.0,0,0,Cash,NA,0,0,0.0
0,3.25,11,21,3,1416346200,0.0,0.0,0.0,0.0,0.0,0,0,Cash,NA,0,0,0.0
0,7.05,11,22,3,1416348000,0.0,0.0,0.0,0.0,1.7,0,0,Cash,NA,540,0,0.0
0,8.65,11,20,3,1416340800,0.0,0.0,0.0,0.0,2.5,0,0,Cash,NA,600,0,0.0
0,9.85,11,20,3,1416342600,0.0,0.0,0.0,0.0,3.1,0,0,Credit Card,NA,540,0,2.0
0,3.25,11,20,3,1416343500,0.0,0.0,0.0,0.0,0.0,0,0,Cash,NA,60,0,0.0
0,4.84,11,20,3,1416343500,0.0,0.0,0.0,0.0,0.7,0,0,Cash,NA,240,0,0.0
0,34.25,8,15,3,1566315900,0.0,0.0,0.0,0.0,12.06,0,0,Credit Card,Flash Cab,1945,0,7.75
0,4.25,11,20,3,1416343500,0.0,0.0,0.0,0.0,0.4,0,0,Credit Card,NA,180,0,0.5
0,3.25,11,21,3,1416344400,0.0,0.0,0.0,0.0,0.0,0,0,Cash,NA,60,0,0.0
0,11.25,11,17,3,1416331800,0.0,0.0,0.0,0.0,3.2,0,0,Cash,NA,960,0,0.0
0,11.05,11,18,3,1416333600,0.0,0.0,0.0,0.0,1.5,0,0,Cash,NA,1380,0,0.0
0,12.05,11,19,3,1416337200,0.0,0.0,0.0,0.0,4.4,0,0,Cash,NA,780,0,0.0
0,5.45,11,19,3,1416338100,0.0,0.0,0.0,0.0,1.1,0,0,Credit Card,NA,240,0,2.0
0,3.45,11,19,3,1416339000,0.0,0.0,0.0,0.0,0.0,0,0,Cash,NA,60,0,0.0
0,7.65,11,19,3,1416339000,0.0,0.0,0.0,0.0,1.8,0,0,Cash,NA,540,0,0.0
0,5.85,11,16,3,1416329100,0.0,0.0,0.0,0.0,0.8,0,0,Cash,NA,420,0,0.0
0,12.65,11,17,3,1416330000,0.0,0.0,0.0,0.0,3.7,0,0,Credit Card,NA,1200,0,2.0
0,5.45,11,17,3,1416330000,0.0,0.0,0.0,0.0,0.6,0,0,Credit Card,NA,360,0,1.55
0,3.65,11,17,3,1416330900,0.0,0.0,0.0,0.0,0.1,0,0,Cash,NA,60,0,0.0
0,5.65,11,17,3,1416331800,0.0,0.0,0.0,0.0,1.0,0,0,Cash,NA,300,0,0.0
0,4.25,1,17,1,1390151700,0.0,0.0,0.0,0.0,0.0,0,0,Credit Card,Blue Ribbon Taxi Association Inc.,180,0,1.0
0,18.0,8,9,4,1565170200,0.0,0.0,0.0,0.0,5.2,0,0,Cash,KOAM Taxi Association,1140,0,0.0
0,35.65,1,21,5,1390511700,0.0,0.0,0.0,0.0,0.0,0,0,Credit Card,Chicago Elite Cab Corp. (Chicago Carriag,2040,0,7.13
0,4.65,12,9,5,1417684500,0.0,0.0,0.0,0.0,0.6,0,0,Cash,NA,180,0,0.0
0,7.65,12,9,5,1417685400,0.0,0.0,0.0,0.0,1.9,0,0,Cash,NA,540,0,0.0
0,7.25,8,21,5,1567114200,0.0,0.0,0.0,0.0,1.48,0,0,Credit Card,Flash Cab,509,0,2.0
0,6.05,12,8,5,1417680900,0.0,0.0,0.0,0.0,1.0,0,0,Credit Card,NA,360,0,2.0
0,5.75,8,19,5,1565895600,0.0,0.0,0.0,0.0,1.0,0,0,Credit Card,Star North Management LLC,300,0,3.0
0,4.84,12,8,5,1417680000,0.0,0.0,0.0,0.0,0.6,0,0,Cash,NA,240,0,0.0
0,21.25,8,18,5,1565892900,0.0,0.0,0.0,0.0,7.53,0,0,Credit Card,Flash Cab,1188,0,3.26
0,10.0,8,15,6,1565364600,0.0,0.0,0.0,0.0,1.6,0,0,Credit Card,KOAM Taxi Association,960,0,2.1
0,40.85,8,11,2,1408965300,0.0,0.0,0.0,0.0,0.0,0,0,Credit Card,Chicago Elite Cab Corp. (Chicago Carriag,0,0,8.17
0,3.25,8,18,2,1566845100,0.0,0.0,0.0,0.0,0.04,0,0,Cash,Flash Cab,17,0,0.0
0,6.0,8,18,6,1565375400,0.0,0.0,0.0,0.0,1.0,0,0,Credit Card,City Service,375,0,4.0
0,31.5,8,1,1,1564881300,0.0,0.0,0.0,0.0,12.24,0,0,Credit Card,Flash Cab,1122,0,5.4
0,18.0,8,22,5,1565302500,0.0,0.0,0.0,0.0,5.9,0,0,Cash,Top Cab Affiliation,960,0,0.0
0,9.0,8,18,2,1408989600,0.0,0.0,0.0,0.0,0.0,0,0,Credit Card,Blue Ribbon Taxi Association Inc.,0,0,0.0
0,26.85,11,16,4,1416412800,0.0,0.0,0.0,0.0,11.8,0,0,Credit Card,NA,2280,0,4.33
0,34.0,8,17,1,1565544600,0.0,0.0,0.0,0.0,12.2,0,0,Cash,Medallion Leasin,2040,0,0.0
0,46.5,8,10,5,1564655400,0.0,0.0,0.0,0.0,18.2,0,0,Credit Card,Choice Taxi Association,2880,0,10.2
0,31.45,1,22,5,1390515300,0.0,0.0,0.0,0.0,0.0,0,0,Credit Card,Chicago Elite Cab Corp. (Chicago Carriag,1560,0,6.29
0,5.65,1,21,7,1390686300,0.0,0.0,0.0,0.0,0.0,0,0,Credit Card,Chicago Elite Cab Corp. (Chicago Carriag,360,0,1.13
0,33.65,1,13,2,1390224600,0.0,0.0,0.0,0.0,0.0,0,0,Credit Card,Chicago Elite Cab Corp. (Chicago Carriag,0,0,6.5
0,10.4,5,1,1,1464486300,0.0,0.0,0.0,0.0,3.4,0,0,Cash,303 Taxi,672,0,0.0
0,5.0,8,13,3,1565703000,0.0,0.0,0.0,0.0,0.7,0,0,Credit Card,Choice Taxi Association,0,0,3.0
0,9.25,8,19,6,1567192500,0.0,0.0,0.0,0.0,2.0,0,0,Cash,Chicago Independents,660,0,0.0
0,10.5,8,2,7,1564799400,0.0,0.0,0.0,0.0,0.0,0,0,Cash,Chicago Independents,600,0,0.0
0,45.75,8,15,6,1564760700,0.0,0.0,0.0,0.0,17.3,0,0,Cash,Checker Taxi Affiliation,59,0,0.0
0,7.5,8,16,1,1565541000,0.0,0.0,0.0,0.0,1.5,0,0,Credit Card,City Service,530,0,3.0
0,8.85,2,20,3,1391544000,0.0,0.0,0.0,0.0,0.0,0,0,Credit Card,Chicago Elite Cab Corp. (Chicago Carriag,0,0,1.77
0,14.4,5,2,1,1464488100,0.0,0.0,0.0,0.0,4.3,0,0,Credit Card,303 Taxi,1103,0,2.16
0,10.5,8,17,3,1565717400,0.0,0.0,0.0,0.0,1.68,0,0,Cash,Flash Cab,1102,0,0.0
0,2.0,8,16,4,1566405000,0.0,0.0,0.0,0.0,0.0,0,0,Cash,Taxi Affiliation Services,0,0,0.0
0,9.75,8,18,1,1565546400,0.0,0.0,0.0,0.0,2.3,0,0,Credit Card,City Service,742,0,4.0
0,14.8,5,2,1,1464489900,0.0,0.0,0.0,0.0,6.3,0,0,Cash,303 Taxi,685,0,0.0
0,17.45,12,11,2,1388402100,0.0,0.0,0.0,0.0,0.0,0,0,No Charge,Taxi Affiliation Services,0,0,0.0
0,5.5,8,10,6,1564740000,0.0,0.0,0.0,0.0,0.61,0,0,Cash,Flash Cab,345,0,0.0
0,45.0,8,15,2,1408978800,0.0,0.0,0.0,0.0,0.0,0,0,Credit Card,T.A.S. - Payment Only,0,0,0.0
0,6.25,11,8,4,1416386700,0.0,0.0,0.0,0.0,1.1,0,0,Cash,NA,420,0,0.0
0,14.25,8,16,6,1564763400,0.0,0.0,0.0,0.0,3.3,0,0,Cash,KOAM Taxi Association,1500,0,0.0
0,8.75,8,13,5,1566479700,0.0,0.0,0.0,0.0,1.7,0,0,Unknown,Star North Management LLC,660,0,0.0
0,6.5,8,8,6,1565339400,0.0,0.0,0.0,0.0,1.13,0,0,Cash,Flash Cab,400,0,0.0
0,20.65,11,9,4,1416388500,0.0,0.0,0.0,0.0,4.9,0,0,Cash,NA,2520,0,0.0
0,5.75,8,8,6,1567154700,0.0,0.0,0.0,0.0,0.71,0,0,Credit Card,Chicago Carriage Cab Corp,339,0,2.0
0,43.45,1,18,5,1389290400,0.0,0.0,0.0,0.0,18.2,0,0,Cash,Top Cab Affiliation,5340,0,0.0
0,9.85,11,22,7,1416090600,0.0,0.0,0.0,0.0,2.7,0,0,Cash,NA,900,0,0.0
0,6.25,8,7,7,1566027900,0.0,0.0,0.0,0.0,0.93,0,0,Cash,Flash Cab,299,0,0.0
0,12.35,1,21,4,1391031900,0.0,0.0,0.0,0.0,0.0,0,0,Credit Card,Chicago Elite Cab Corp. (Chicago Carriag,0,0,3.09
0,44.5,8,13,2,1566826200,0.0,0.0,0.0,0.0,17.66,0,0,Mobile,Flash Cab,2360,0,4.85
0,4.84,11,22,7,1416091500,0.0,0.0,0.0,0.0,0.7,0,0,Cash,NA,240,0,0.0
0,12.45,11,23,7,1416092400,0.0,0.0,0.0,0.0,4.0,0,0,Credit Card,NA,960,0,2.0
0,5.05,11,23,7,1416094200,0.0,0.0,0.0,0.0,0.5,0,0,Cash,NA,300,0,0.0
0,5.65,11,23,7,1416094200,0.0,0.0,0.0,0.0,1.0,0,0,Cash,NA,360,0,0.0
0,14.45,11,19,7,1416078000,0.0,0.0,0.0,0.0,4.5,0,0,Cash,NA,1200,0,0.0
0,6.05,11,19,7,1416078900,0.0,0.0,0.0,0.0,0.8,0,0,Credit Card,NA,480,0,2.0
0,9.44,11,19,7,1416079800,0.0,0.0,0.0,0.0,2.9,0,0,Credit Card,NA,780,0,2.0
0,7.05,11,19,7,1416080700,0.0,0.0,0.0,0.0,1.4,0,0,Cash,NA,540,0,0.0
0,5.25,11,20,7,1416084300,0.0,0.0,0.0,0.0,0.8,0,0,Credit Card,NA,300,0,2.0
0,7.85,11,18,7,1416074400,0.0,0.0,0.0,0.0,2.0,0,0,Credit Card,NA,600,0,2.0
0,10.25,11,18,7,1416076200,0.0,0.0,0.0,0.0,2.5,0,0,Cash,NA,1020,0,0.0
0,27.25,8,18,2,1565028900,0.0,0.0,0.0,0.0,10.1,0,0,Credit Card,Top Cab Affiliation,1260,0,5.0
0,8.5,8,18,4,1566410400,0.0,0.0,0.0,0.0,1.2,0,0,Cash,Choice Taxi Association,780,0,0.0
0,6.5,8,6,4,1565160300,0.0,0.0,0.0,0.0,2.0,0,0,Cash,Chicago Taxicab,423,0,0.0
0,4.5,8,8,3,1566289800,0.0,0.0,0.0,0.0,0.0,0,0,Credit Card,Choice Taxi Association,120,0,0.0
0,26.0,8,14,2,1408976100,0.0,0.0,0.0,0.0,0.0,0,0,Credit Card,T.A.S. - Payment Only,0,0,0.0
0,5.75,8,6,3,1566281700,0.0,0.0,0.0,0.0,1.09,0,0,Credit Card,Flash Cab,242,0,1.25
0,5.5,8,13,6,1565961300,0.0,0.0,0.0,0.0,0.7,0,0,Credit Card,Choice Taxi Association,300,0,2.0
0,8.65,2,21,7,1391894100,0.0,0.0,0.0,0.0,0.0,0,0,Credit Card,Chicago Elite Cab Corp. (Chicago Carriag,0,0,1.73
0,3.25,11,13,5,1416488400,0.0,0.0,0.0,0.0,0.0,0,0,Cash,NA,0,0,0.0
0,22.85,11,14,5,1416493800,0.0,0.0,0.0,0.0,10.4,0,0,Cash,NA,960,0,0.0
0,81.45,11,16,5,1416501000,0.0,0.0,0.0,0.0,38.5,0,0,Credit Card,NA,6360,0,34.36
0,12.65,11,18,5,1416507300,0.0,0.0,0.0,0.0,1.8,0,0,Cash,NA,1620,0,0.0
0,10.45,11,18,5,1416509100,0.0,0.0,0.0,0.0,2.0,0,0,Credit Card,NA,1140,0,3.0
0,6.85,11,19,5,1416510900,0.0,0.0,0.0,0.0,1.5,0,0,Credit Card,NA,480,0,2.0
0,7.45,11,9,5,1416474000,0.0,0.0,0.0,0.0,1.3,0,0,Credit Card,NA,660,0,2.0
0,8.05,11,9,5,1416475800,0.0,0.0,0.0,0.0,1.4,0,0,Cash,NA,720,0,0.0
0,7.85,11,9,5,1416476700,0.0,0.0,0.0,0.0,1.8,0,0,Credit Card,NA,600,0,3.0
0,4.84,11,10,5,1416477600,0.0,0.0,0.0,0.0,0.6,0,0,Cash,NA,300,0,0.0
0,6.05,11,10,5,1416480300,0.0,0.0,0.0,0.0,1.0,0,0,Credit Card,NA,360,0,2.0
0,55.85,11,13,5,1416488400,0.0,0.0,0.0,0.0,28.0,0,0,Credit Card,NA,2700,0,20.08
0,5.45,11,8,5,1416473100,0.0,0.0,0.0,0.0,0.7,0,0,Cash,NA,360,0,0.0
0,5.45,12,1,1,1417915800,0.0,0.0,0.0,0.0,0.7,0,0,Cash,NA,180,0,0.0
0,10.85,12,1,1,1417915800,0.0,0.0,0.0,0.0,2.6,0,0,Credit Card,NA,540,0,2.0
0,9.44,12,1,1,1417916700,0.0,0.0,0.0,0.0,2.3,0,0,Cash,NA,480,0,0.0
0,36.4,8,14,4,1565188200,0.0,0.0,0.0,0.0,0.0,0,0,Credit Card,Suburban Dispatch LLC,0,0,6.0
0,6.85,12,0,1,1417910400,0.0,0.0,0.0,0.0,1.2,0,0,Cash,NA,300,0,0.0
0,6.05,12,0,1,1417911300,0.0,0.0,0.0,0.0,0.8,0,0,Cash,NA,300,0,0.0
0,5.85,12,0,1,1417912200,0.0,0.0,0.0,0.0,0.7,0,0,Cash,NA,240,0,0.0
0,6.05,12,0,1,1417912200,0.0,0.0,0.0,0.0,0.7,0,0,Credit Card,NA,300,0,3.0
0,12.85,12,1,1,1417914000,0.0,0.0,0.0,0.0,2.5,0,0,Credit Card,NA,960,0,3.0
0,4.45,12,1,1,1417914900,0.0,0.0,0.0,0.0,0.3,0,0,Cash,NA,180,0,0.0
0,10.05,12,22,7,1417903200,0.0,0.0,0.0,0.0,2.6,0,0,Cash,NA,420,0,0.0
0,3.25,12,23,7,1417906800,0.0,0.0,0.0,0.0,0.0,0,0,Cash,NA,0,0,0.0
0,5.85,12,23,7,1417906800,0.0,0.0,0.0,0.0,0.7,0,0,Credit Card,NA,360,0,1.5
0,8.44,12,23,7,1417907700,0.0,0.0,0.0,0.0,1.6,0,0,Cash,NA,480,0,0.0
0,7.45,12,23,7,1417909500,0.0,0.0,0.0,0.0,1.5,0,0,Cash,NA,300,0,0.0
0,11.25,12,23,7,1417909500,0.0,0.0,0.0,0.0,2.6,0,0,Cash,NA,660,0,0.0
0,12.85,12,20,7,1417896000,0.0,0.0,0.0,0.0,3.0,0,0,Cash,NA,780,0,0.0
0,17.85,12,20,7,1417897800,0.0,0.0,0.0,0.0,6.2,0,0,Cash,NA,840,0,0.0
0,17.05,12,21,7,1417900500,0.0,0.0,0.0,0.0,5.2,0,0,Credit Card,NA,1080,0,3.61
0,5.45,8,16,2,1408984200,0.0,0.0,0.0,0.0,0.0,0,0,Cash,Blue Ribbon Taxi Association Inc.,360,0,0.0
0,41.85,11,9,4,1416388500,0.0,0.0,0.0,0.0,21.2,0,0,Credit Card,NA,1860,0,11.21
0,3.25,11,10,4,1416393000,0.0,0.0,0.0,0.0,0.0,0,0,Cash,NA,0,0,0.0
0,7.65,11,6,4,1416378600,0.0,0.0,0.0,0.0,2.0,0,0,Cash,NA,540,0,0.0
0,10.05,11,6,4,1416379500,0.0,0.0,0.0,0.0,3.6,0,0,Credit Card,NA,420,0,2.0
0,6.45,11,7,4,1416381300,0.0,0.0,0.0,0.0,1.3,0,0,Cash,NA,420,0,0.0
0,7.25,1,3,1,1390101300,0.0,0.0,0.0,0.0,0.0,0,0,Credit Card,Taxi Affiliation Services,0,0,1.75
0,10.75,8,21,7,1566683100,0.0,0.0,0.0,0.0,2.5,0,0,Cash,Top Cab Affiliation,780,0,0.0
0,8.0,5,3,1,1464490800,0.0,0.0,0.0,0.0,2.9,0,0,Cash,303 Taxi,364,0,0.0
0,75.25,8,14,1,1564927200,0.0,0.0,0.0,0.0,31.31,0,0,Cash,Sun Taxi,3286,0,0.0
0,27.0,8,14,2,1566828900,0.0,0.0,0.0,0.0,9.64,0,0,Cash,Taxi Affiliation Service Yellow,1857,0,0.0
0,45.0,8,21,3,1565126100,0.0,0.0,0.0,0.0,18.2,0,0,Cash,Star North Management LLC,1800,0,0.0
0,11.25,8,7,1,1564903800,0.0,0.0,0.0,0.0,3.1,0,0,Credit Card,Metro Jet Taxi A,695,0,2.14
0,3.5,8,13,6,1565356500,0.0,0.0,0.0,0.0,0.0,0,0,Cash,Nova Taxi Affiliation Llc,55,0,0.0
0,33.75,8,1,6,1565312400,0.0,0.0,0.0,0.0,13.55,0,0,Credit Card,Flash Cab,982,0,4.0
0,10.05,11,21,5,1415913300,0.0,0.0,0.0,0.0,3.0,0,0,Cash,NA,720,0,0.0
0,15.75,8,12,1,1566131400,0.0,0.0,0.0,0.0,4.3,0,0,Cash,Chicago Taxicab,1629,0,0.0
0,4.25,8,20,5,1566504900,0.0,0.0,0.0,0.0,0.5,0,0,Credit Card,Chicago Independents,167,0,4.0
0,31.25,8,14,7,1566655200,0.0,0.0,0.0,0.0,10.87,0,0,Credit Card,Flash Cab,1971,0,0.0
0,46.5,8,19,5,1564686900,0.0,0.0,0.0,0.0,18.96,0,0,Cash,Flash Cab,1557,0,0.0
0,0.01,8,15,6,1567178100,0.0,0.0,0.0,0.0,9.73,0,0,Cash,Flash Cab,1756,0,0.0
0,9.85,1,16,5,1389285000,0.0,0.0,0.0,0.0,0.0,0,0,Credit Card,Chicago Elite Cab Corp. (Chicago Carriag,0,0,1.97
0,25.05,11,19,1,1416165300,0.0,0.0,0.0,0.0,10.8,0,0,Credit Card,NA,1860,0,5.41
0,3.85,11,15,1,1416152700,0.0,0.0,0.0,0.0,0.1,0,0,Cash,NA,120,0,0.0
0,7.45,2,0,1,1391906700,0.0,0.0,0.0,0.0,0.0,0,0,Credit Card,Chicago Elite Cab Corp. (Chicago Carriag,0,0,2.24
0,37.0,5,3,1,1464492600,0.0,0.0,0.0,0.0,16.9,0,0,Cash,303 Taxi,1747,0,0.0
0,15.75,8,1,7,1565401500,0.0,0.0,0.0,0.0,0.2,0,0,Cash,Blue Ribbon Taxi Association Inc.,1140,0,0.0
0,11.05,8,17,2,1408987800,0.0,0.0,0.0,0.0,0.0,0,0,No Charge,T.A.S. - Payment Only,1020,0,1.5
0,35.0,8,6,2,1566196200,0.0,0.0,0.0,0.0,0.0,0,0,No Charge,Suburban Dispatch LLC,0,0,0.0
0,6.75,8,16,3,1566317700,0.0,0.0,0.0,0.0,1.1,0,0,Cash,Taxi Affiliation Services,480,0,0.0
0,7.75,8,17,4,1566406800,0.0,0.0,0.0,0.0,1.06,0,0,Cash,Flash Cab,824,0,0.0
0,4.6,8,13,4,1565789400,0.0,0.0,0.0,0.0,1.2,0,0,Cash,Taxi Affiliation Services,180,0,0.0
0,67.4,8,14,4,1565186400,0.0,0.0,0.0,0.0,24.1,0,0,Cash,Taxi Affiliation Services,5700,0,0.0
0,6.75,8,10,3,1566297000,0.0,0.0,0.0,0.0,0.0,0,0,Cash,Chicago Independents,600,0,0.0
0,5.5,8,11,3,1565696700,0.0,0.0,0.0,0.0,0.88,0,0,Credit Card,Flash Cab,314,0,2.0
0,60.0,8,0,7,1566607500,0.0,0.0,0.0,0.0,0.0,0,0,Credit Card,Suburban Dispatch LLC,0,0,0.0
0,6.75,8,19,4,1565809200,0.0,0.0,0.0,0.0,1.1,0,0,Mobile,City Service,420,0,1.85
0,8.5,8,9,3,1565688600,0.0,0.0,0.0,0.0,1.8,0,0,Credit Card,Chicago Taxicab,640,0,2.0
0,7.0,8,10,4,1566383400,0.0,0.0,0.0,0.0,1.2,0,0,Credit Card,Chicago Taxicab,557,0,2.0
0,9.75,8,16,4,1565801100,0.0,0.0,0.0,0.0,1.9,0,0,Cash,Medallion Leasin,917,0,0.0
0,7.25,8,13,2,1566219600,0.0,0.0,0.0,0.0,1.07,0,0,Credit Card,Flash Cab,630,0,1.0
0,8.65,1,8,5,1391071500,0.0,0.0,0.0,0.0,0.0,0,0,Credit Card,Chicago Elite Cab Corp. (Chicago Carriag,0,0,1.73
0,7.25,8,16,1,1564937100,0.0,0.0,0.0,0.0,1.3,0,0,Credit Card,Medallion Leasin,563,0,2.0
0,24.5,8,16,2,1566233100,0.0,0.0,0.0,0.0,9.0,0,0,Credit Card,City Service,1134,0,5.8
0,15.25,8,9,7,1566035100,0.0,0.0,0.0,0.0,4.9,0,0,Cash,Choice Taxi Association,1020,0,0.0
0,13.25,8,22,7,1566686700,0.0,0.0,0.0,0.0,3.4,0,0,Cash,"Taxicab Insurance Agency, LLC",1020,0,0.0
0,6.6,5,14,1,1464530400,0.0,0.0,0.0,0.0,2.0,0,0,Cash,303 Taxi,363,0,0.0
0,43.25,8,17,1,1566752400,0.0,0.0,0.0,0.0,16.8,0,0,Cash,City Service,2501,0,0.0
0,5.75,8,13,3,1565099100,0.0,0.0,0.0,0.0,1.05,0,0,Credit Card,Flash Cab,298,0,2.0
0,5.0,5,14,1,1464532200,0.0,0.0,0.0,0.0,1.4,0,0,Cash,303 Taxi,230,0,0.0
0,3.25,8,10,4,1565778600,0.0,0.0,0.0,0.0,0.0,0,0,Cash,Star North Management LLC,0,0,0.0
0,3.25,8,5,5,1567055700,0.0,0.0,0.0,0.0,0.0,0,0,Cash,Taxi Affiliation Services,0,0,0.0
0,8.2,5,0,2,1464566400,0.0,0.0,0.0,0.0,2.9,0,0,Credit Card,303 Taxi,476,0,1.0
0,2.0,8,12,7,1564836300,0.0,0.0,0.0,0.0,0.0,0,0,Cash,Taxi Affiliation Services,0,0,0.0
0,4.25,8,7,5,1565249400,0.0,0.0,0.0,0.0,0.34,0,0,Cash,Flash Cab,186,0,0.0
0,7.0,5,0,2,1464567300,0.0,0.0,0.0,0.0,2.5,0,0,Credit Card,303 Taxi,401,0,5.0
0,4.2,5,0,2,1464568200,0.0,0.0,0.0,0.0,1.0,0,0,Cash,303 Taxi,149,0,0.0
0,18.0,5,0,2,1464569100,0.0,0.0,0.0,0.0,6.6,0,0,Cash,303 Taxi,1346,0,0.0
0,21.6,5,1,2,1464570900,0.0,0.0,0.0,0.0,8.0,0,0,Cash,303 Taxi,652,0,0.0
0,4.2,5,17,2,1464627600,0.0,0.0,0.0,0.0,1.1,0,0,Cash,303 Taxi,218,0,0.0
0,4.6,5,17,2,1464628500,0.0,0.0,0.0,0.0,1.2,0,0,Cash,303 Taxi,211,0,0.0
0,10.2,5,17,2,1464630300,0.0,0.0,0.0,0.0,3.5,0,0,Cash,303 Taxi,624,0,0.0
0,36.0,5,1,3,1464657300,0.0,0.0,0.0,0.0,13.7,0,0,Credit Card,303 Taxi,1328,0,7.2
0,16.2,5,9,3,1464685200,0.0,0.0,0.0,0.0,6.6,0,0,Cash,303 Taxi,880,0,0.0
0,4.8,5,11,3,1464693300,0.0,0.0,0.0,0.0,1.2,0,0,Cash,303 Taxi,270,0,0.0
0,2.0,5,11,3,1464693300,0.0,0.0,0.0,0.0,0.0,0,0,Cash,303 Taxi,1,0,0.0
0,3.4,6,2,4,1464746400,0.0,0.0,0.0,0.0,0.6,0,0,Cash,303 Taxi,123,0,0.0
0,17.6,6,2,4,1464748200,0.0,0.0,0.0,0.0,7.7,0,0,Cash,303 Taxi,721,0,0.0
0,2.0,6,2,4,1464748200,0.0,0.0,0.0,0.0,0.0,0,0,Cash,303 Taxi,4,0,0.0
0,10.25,8,9,4,1566982800,0.0,0.0,0.0,0.0,2.3,0,0,Cash,Top Cab Affiliation,780,0,0.0
0,9.2,6,6,4,1464760800,0.0,0.0,0.0,0.0,3.4,0,0,Cash,303 Taxi,505,0,0.0
0,2.4,6,10,4,1464777900,0.0,0.0,0.0,0.0,0.0,0,0,Cash,303 Taxi,65,0,0.0
0,10.0,8,17,3,1566322200,0.0,0.0,0.0,0.0,2.03,0,0,Cash,Flash Cab,892,0,0.0
0,7.5,8,18,4,1566410400,0.0,0.0,0.0,0.0,1.64,0,0,Credit Card,Sun Taxi,417,0,1.5
0,13.75,8,19,3,1566932400,0.0,0.0,0.0,0.0,4.47,0,0,Credit Card,Flash Cab,515,0,2.85
0,28.5,8,23,5,1565910000,0.0,0.0,0.0,0.0,11.3,0,0,Credit Card,Taxi Affiliation Service Yellow,1336,0,6.6
0,29.65,1,15,5,1390491000,0.0,0.0,0.0,0.0,0.0,0,0,Credit Card,Chicago Elite Cab Corp. (Chicago Carriag,0,0,5.93
0,5.0,8,10,4,1566381600,0.0,0.0,0.0,0.0,0.0,0,0,Cash,Taxi Affiliation Services,240,0,0.0
0,9.5,8,20,6,1564776900,0.0,0.0,0.0,0.0,1.85,0,0,Credit Card,Flash Cab,826,0,4.0
0,8.25,8,15,7,1566658800,0.0,0.0,0.0,0.0,1.42,0,0,Credit Card,Chicago Carriage Cab Corp,697,0,1.0
0,21.25,8,23,7,1564875900,0.0,0.0,0.0,0.0,4.0,0,0,Credit Card,Star North Management LLC,2040,0,4.65
0,40.0,8,4,2,1566187200,0.0,0.0,0.0,0.0,0.0,0,0,Credit Card,Suburban Dispatch LLC,0,0,0.0
0,20.5,8,20,3,1566937800,0.0,0.0,0.0,0.0,6.91,0,0,Credit Card,Flash Cab,1181,0,3.15
0,12.0,8,20,6,1565383500,0.0,0.0,0.0,0.0,0.1,0,0,Cash,Blue Ribbon Taxi Association Inc.,1080,0,0.0
0,6.0,8,15,6,1565364600,0.0,0.0,0.0,0.0,0.0,0,0,Cash,Choice Taxi Association,360,0,0.0
0,6.25,8,13,2,1566824400,0.0,0.0,0.0,0.0,1.03,0,0,Credit Card,Flash Cab,413,0,2.0
0,11.75,8,23,6,1565999100,0.0,0.0,0.0,0.0,2.8,0,0,Credit Card,"Taxicab Insurance Agency, LLC",960,0,1.5
0,27.75,8,22,5,1565909100,0.0,0.0,0.0,0.0,25.1,0,0,Cash,Star North Management LLC,1680,0,0.0
0,12.0,8,17,5,1566494100,0.0,0.0,0.0,0.0,3.0,0,0,Mobile,Chicago Independents,932,0,2.4
0,7.05,12,11,7,1387626300,0.0,0.0,0.0,0.0,0.0,0,0,Credit Card,Chicago Elite Cab Corp. (Chicago Carriag,480,0,2.12
0,31.75,8,10,6,1566557100,0.0,0.0,0.0,0.0,11.7,0,0,Cash,Metro Jet Taxi A,1641,0,0.0
0,17.0,8,1,5,1566435600,0.0,0.0,0.0,0.0,5.68,0,0,Cash,Flash Cab,812,0,0.0
0,5.0,8,7,4,1565162100,0.0,0.0,0.0,0.0,0.6,0,0,Cash,Medallion Leasin,240,0,0.0
0,7.0,8,10,3,1566900900,0.0,0.0,0.0,0.0,1.1,0,0,Credit Card,Chicago Taxicab,552,0,4.0
0,19.5,8,20,5,1564691400,0.0,0.0,0.0,0.0,6.6,0,0,Credit Card,Chicago Independents,1091,0,4.2
0,4.0,8,18,2,1565634600,0.0,0.0,0.0,0.0,0.2,0,0,Cash,Top Cab Affiliation,120,0,0.0
0,14.25,8,21,7,1564866000,0.0,0.0,0.0,0.0,4.1,0,0,Cash,Chicago Carriage Cab Corp,1070,0,0.0
0,32.85,8,23,1,1408922100,0.0,0.0,0.0,0.0,0.0,0,0,Credit Card,Chicago Elite Cab Corp. (Chicago Carriag,0,0,8.21
0,42.5,8,11,4,1566990000,0.0,0.0,0.0,0.0,34.9,0,0,Credit Card,Chicago Taxicab,1789,0,9.4
0,14.75,8,1,7,1564794000,0.0,0.0,0.0,0.0,3.8,0,0,Cash,Chicago Taxicab,1222,0,0.0
0,12.25,8,14,5,1567089000,0.0,0.0,0.0,0.0,3.5,0,0,Cash,Star North Management LLC,660,0,0.0
0,3.5,8,13,5,1565876700,0.0,0.0,0.0,0.0,0.0,0,0,Cash,Medallion Leasin,60,0,0.0
0,13.5,8,17,5,1566495900,0.0,0.0,0.0,0.0,4.1,0,0,Credit Card,Choice Taxi Association,840,0,3.6
0,41.65,1,21,6,1390598100,0.0,0.0,0.0,0.0,0.0,0,0,Credit Card,Chicago Elite Cab Corp. (Chicago Carriag,1440,0,8.33
0,8.5,8,9,7,1566035100,0.0,0.0,0.0,0.0,0.0,0,0,Cash,Choice Taxi Association,600,0,0.0
0,14.25,8,0,7,1567209600,0.0,0.0,0.0,0.0,4.35,0,0,Cash,Flash Cab,928,0,0.0
0,10.65,8,13,2,1408971600,0.0,0.0,0.0,0.0,0.0,0,0,Credit Card,T.A.S. - Payment Only,0,0,2.0
0,10.25,8,14,4,1565188200,0.0,0.0,0.0,0.0,2.56,0,0,Credit Card,Flash Cab,647,0,3.0
0,8.25,8,18,5,1564683300,0.0,0.0,0.0,0.0,1.75,0,0,Cash,Flash Cab,731,0,0.0
0,14.25,8,8,4,1565166600,0.0,0.0,0.0,0.0,4.65,0,0,Credit Card,Flash Cab,694,0,2.44
0,45.25,8,20,2,1565641800,0.0,0.0,0.0,0.0,0.0,0,0,Credit Card,Suburban Dispatch LLC,0,0,10.0
0,12.0,8,9,2,1565600400,0.0,0.0,0.0,0.0,2.35,0,0,Cash,Flash Cab,1245,0,0.0
0,3.25,8,6,4,1565762400,0.0,0.0,0.0,0.0,0.0,0,0,Cash,Blue Ribbon Taxi Association Inc.,1440,0,0.0
0,12.0,8,17,4,1567013400,0.0,0.0,0.0,0.0,2.5,0,0,Credit Card,Star North Management LLC,960,0,2.5
0,5.05,1,18,7,1390675500,0.0,0.0,0.0,0.0,0.0,0,0,Credit Card,Chicago Elite Cab Corp. (Chicago Carriag,300,0,1.52
0,17.75,8,19,5,1566503100,0.0,0.0,0.0,0.0,5.9,0,0,Credit Card,Star North Management LLC,1020,0,4.45
0,12.65,1,22,6,1390600800,0.0,0.0,0.0,0.0,0.0,0,0,Credit Card,Chicago Elite Cab Corp. (Chicago Carriag,1140,0,2.53
0,44.5,8,22,4,1567031400,0.0,0.0,0.0,0.0,17.9,0,0,Credit Card,Choice Taxi Association,2640,0,9.8
0,43.25,8,20,5,1565899200,0.0,0.0,0.0,0.0,17.4,0,0,Credit Card,Flash Cab,2440,0,9.75
0,6.5,8,17,3,1566323100,0.0,0.0,0.0,0.0,0.9,0,0,Cash,Chicago Independents,420,0,0.0
0,7.0,8,16,3,1566924300,0.0,0.0,0.0,0.0,0.0,0,0,Cash,Blue Ribbon Taxi Association Inc.,540,0,0.0
0,5.75,8,9,3,1565687700,0.0,0.0,0.0,0.0,0.8,0,0,Cash,Medallion Leasin,360,0,0.0
0,40.0,12,6,2,1388384100,0.0,0.0,0.0,0.0,0.0,0,0,Cash,Chicago Elite Cab Corp. (Chicago Carriag,0,0,0.0
0,3.25,8,14,4,1565791200,0.0,0.0,0.0,0.0,0.0,0,0,Unknown,"Taxicab Insurance Agency, LLC",0,0,0.07
0,4.85,1,13,1,1390136400,0.0,0.0,0.0,0.0,0.0,0,0,Credit Card,Chicago Elite Cab Corp. (Chicago Carriag,0,0,1.46
0,5.5,8,19,5,1564686900,0.0,0.0,0.0,0.0,0.68,0,0,Cash,Flash Cab,366,0,0.0
0,8.75,8,17,3,1566926100,0.0,0.0,0.0,0.0,1.44,0,0,Credit Card,Flash Cab,773,0,1.0
0,6.5,8,16,5,1565886600,0.0,0.0,0.0,0.0,1.23,0,0,Credit Card,Flash Cab,383,0,4.0
0,6.65,12,9,2,1388394000,0.0,0.0,0.0,0.0,0.0,0,0,Credit Card,Chicago Elite Cab Corp. (Chicago Carriag,420,0,1.35
0,8.15,8,13,2,1408972500,0.0,0.0,0.0,0.0,0.0,0,0,Credit Card,Chicago Elite Cab Corp. (Chicago Carriag,0,0,2.45
0,6.65,2,23,5,1391730300,0.0,0.0,0.0,0.0,0.0,0,0,Credit Card,Chicago Elite Cab Corp. (Chicago Carriag,0,0,2.0
0,18.25,8,9,2,1408958100,0.0,0.0,0.0,0.0,0.0,0,0,Credit Card,Chicago Elite Cab Corp. (Chicago Carriag,0,0,3.65
0,16.65,8,13,2,1408972500,0.0,0.0,0.0,0.0,0.0,0,0,Credit Card,Chicago Elite Cab Corp. (Chicago Carriag,0,0,3.35
0,21.25,8,18,6,1564769700,0.0,0.0,0.0,0.0,7.23,0,0,Credit Card,Flash Cab,1175,0,4.35
0,34.5,8,17,1,1564938000,0.0,0.0,0.0,0.0,13.39,0,0,Credit Card,Flash Cab,1415,0,8.75
0,9.05,2,21,7,1391894100,0.0,0.0,0.0,0.0,0.0,0,0,Credit Card,Chicago Elite Cab Corp. (Chicago Carriag,0,0,1.81
0,40.45,8,18,4,1408560300,0.0,0.0,0.0,0.0,0.0,0,0,Credit Card,Chicago Elite Cab Corp. (Chicago Carriag,0,0,8.0
0,49.25,8,11,6,1567162800,0.0,0.0,0.0,0.0,19.2,0,0,Cash,City Service,3505,0,0.0
0,21.25,8,11,2,1566215100,0.0,0.0,0.0,0.0,6.58,0,0,Prcard,Flash Cab,1870,0,0.0
0,32.0,8,10,6,1565949600,0.0,0.0,0.0,0.0,0.0,0,0,Credit Card,Suburban Dispatch LLC,0,0,0.0
0,15.25,8,18,7,1565462700,0.0,0.0,0.0,0.0,4.0,0,0,Cash,Choice Taxi Association,1440,0,0.0
0,13.5,8,16,3,1565714700,0.0,0.0,0.0,0.0,3.8,0,0,Cash,KOAM Taxi Association,900,0,0.0
0,3.25,8,17,3,1566927000,0.0,0.0,0.0,0.0,0.0,0,0,Cash,Taxi Affiliation Services,60,0,0.0
0,0.0,1,6,1,1390113000,0.0,0.0,0.0,0.0,0.0,0,0,Cash,Chicago Elite Cab Corp. (Chicago Carriag,0,0,0.0
0,6.75,8,17,5,1564679700,0.0,0.0,0.0,0.0,0.9,0,0,Credit Card,Chicago Independents,480,0,1.0
0,7.45,11,9,7,1416042900,0.0,0.0,0.0,0.0,1.5,0,0,Cash,NA,480,0,0.0
0,8.75,8,16,4,1565801100,0.0,0.0,0.0,0.0,1.1,0,0,Cash,Star North Management LLC,780,0,0.0
0,7.8,8,18,6,1564769700,0.0,0.0,0.0,0.0,0.0,0,0,Cash,Taxi Affiliation Services,300,0,0.0
0,46.25,8,14,5,1567087200,0.0,0.0,0.0,0.0,18.0,0,0,Cash,Taxi Affiliation Service Yellow,3379,0,0.0
0,25.5,8,23,7,1564874100,0.0,0.0,0.0,0.0,9.2,0,0,Credit Card,City Service,1683,0,5.2
0,36.75,8,23,6,1567206000,0.0,0.0,0.0,0.0,12.8,0,0,Credit Card,"Taxicab Insurance Agency, LLC",1800,0,8.55
0,39.25,8,11,4,1408533300,0.0,0.0,0.0,0.0,0.0,0,0,Credit Card,Chicago Elite Cab Corp. (Chicago Carriag,0,0,7.85
0,4.75,8,8,3,1566288000,0.0,0.0,0.0,0.0,0.54,0,0,Credit Card,Flash Cab,242,0,1.0
0,6.5,8,14,3,1566915300,0.0,0.0,0.0,0.0,1.23,0,0,Cash,Flash Cab,298,0,0.0
0,6.45,11,9,7,1416042000,0.0,0.0,0.0,0.0,1.4,0,0,Cash,NA,360,0,0.0
0,37.25,8,15,2,1565018100,0.0,0.0,0.0,0.0,13.9,0,0,Credit Card,Star North Management LLC,2340,0,0.0
0,43.75,8,7,5,1565854200,0.0,0.0,0.0,0.0,17.1,0,0,Credit Card,Taxi Affiliation Service Yellow,2773,0,2.0
0,5.45,8,16,4,1408551300,0.0,0.0,0.0,0.0,0.0,0,0,Cash,Northwest Management LLC,360,0,0.0
0,5.75,8,8,3,1565079300,0.0,0.0,0.0,0.0,1.0,0,0,Cash,KOAM Taxi Association,240,0,0.0
0,3.25,8,13,6,1566565200,0.0,0.0,0.0,0.0,0.0,0,0,Cash,Medallion Leasin,60,0,0.0
0,3.25,8,12,3,1566302400,0.0,0.0,0.0,0.0,0.0,0,0,Prcard,Flash Cab,38,0,0.07
0,7.5,8,16,7,1566662400,0.0,0.0,0.0,0.0,1.47,0,0,Credit Card,Flash Cab,504,0,1.0
0,15.25,8,21,3,1565730900,0.0,0.0,0.0,0.0,4.9,0,0,Credit Card,Choice Taxi Association,720,0,3.05
0,48.0,8,12,6,1565354700,0.0,0.0,0.0,0.0,17.8,0,0,Credit Card,Star North Management LLC,3540,0,5.0
0,9.25,11,14,7,1416062700,0.0,0.0,0.0,0.0,1.2,0,0,Cash,NA,960,0,0.0
0,39.45,8,15,2,1408981500,0.0,0.0,0.0,0.0,0.0,0,0,Credit Card,Chicago Elite Cab Corp. (Chicago Carriag,0,0,7.89
0,3.25,8,20,1,1408912200,0.0,0.0,0.0,0.0,0.0,0,0,Cash,Taxi Affiliation Services,60,0,0.0
0,11.85,11,20,7,1416083400,0.0,0.0,0.0,0.0,3.3,0,0,Cash,NA,960,0,0.0
0,11.65,11,12,7,1416053700,0.0,0.0,0.0,0.0,2.9,0,0,Cash,NA,42060,0,2.0
0,11.25,8,16,7,1564849800,0.0,0.0,0.0,0.0,2.19,0,0,Cash,Flash Cab,1184,0,0.0
0,14.4,8,13,5,1566481500,0.0,0.0,0.0,0.0,5.9,0,0,Cash,Taxi Affiliation Services,780,0,0.0
0,12.25,8,13,5,1567083600,0.0,0.0,0.0,0.0,1.6,0,0,Cash,City Service,1260,0,0.0
0,0.01,8,16,2,1566837000,0.0,0.0,0.0,0.0,0.0,0,0,Credit Card,"Taxicab Insurance Agency, LLC",0,0,0.01
0,5.45,11,12,7,1416054600,0.0,0.0,0.0,0.0,0.7,0,0,Cash,NA,360,0,0.0
0,8.25,8,16,4,1567010700,0.0,0.0,0.0,0.0,1.41,0,0,Credit Card,Chicago Carriage Cab Corp,673,0,4.0
0,44.5,8,14,2,1566225000,0.0,0.0,0.0,0.0,17.57,0,0,Credit Card,Nova Taxi Affiliation Llc,2798,0,9.8
0,37.65,11,13,7,1416056400,0.0,0.0,0.0,0.0,18.3,0,0,Credit Card,NA,2400,0,8.02
0,24.75,8,10,5,1564656300,0.0,0.0,0.0,0.0,7.6,0,0,Credit Card,Chicago Taxicab,1698,0,5.35
0,6.25,11,14,7,1416060900,0.0,0.0,0.0,0.0,0.9,0,0,Cash,NA,420,0,0.0
0,3.25,8,9,4,1566982800,0.0,0.0,0.0,0.0,0.0,0,0,Cash,Chicago Carriage Cab Corp,10,0,0.0
0,7.0,8,8,5,1565253000,0.0,0.0,0.0,0.0,1.2,0,0,Cash,Medallion Leasin,473,0,0.0
0,3.25,8,12,4,1565180100,0.0,0.0,0.0,0.0,0.0,0,0,Cash,Flash Cab,33,0,0.0
0,9.5,8,7,6,1564731000,0.0,0.0,0.0,0.0,2.6,0,0,Cash,Taxi Affiliation Services,600,0,0.0
0,4.75,8,17,3,1565112600,0.0,0.0,0.0,0.0,0.6,0,0,Cash,Star North Management LLC,180,0,0.0
0,2.0,8,12,5,1564663500,0.0,0.0,0.0,0.0,0.0,0,0,Cash,Taxi Affiliation Services,0,0,0.0
0,8.5,8,18,5,1566496800,0.0,0.0,0.0,0.0,1.5,0,0,Cash,Top Cab Affiliation,780,0,0.0
0,10.25,8,9,2,1408959900,0.0,0.0,0.0,0.0,0.0,0,0,Credit Card,Chicago Elite Cab Corp. (Chicago Carriag,0,0,2.56
0,19.25,8,9,2,1408959000,0.0,0.0,0.0,0.0,0.0,0,0,Credit Card,Chicago Elite Cab Corp. (Chicago Carriag,0,0,3.85
0,5.0,8,10,2,1566815400,0.0,0.0,0.0,0.0,0.7,0,0,Cash,Chicago Independents,262,0,0.0
0,5.75,8,10,6,1564742700,0.0,0.0,0.0,0.0,0.0,0,0,Credit Card,Blue Ribbon Taxi Association Inc.,360,0,1.5
0,11.85,8,9,2,1408958100,0.0,0.0,0.0,0.0,0.0,0,0,Credit Card,Chicago Elite Cab Corp. (Chicago Carriag,0,0,2.37
0,6.25,8,7,6,1566545400,0.0,0.0,0.0,0.0,0.93,0,0,Cash,Chicago Carriage Cab Corp,365,0,0.0
0,9.25,11,9,7,1416044700,0.0,0.0,0.0,0.0,2.4,0,0,Cash,NA,840,0,0.0
0,26.25,8,14,3,1566310500,0.0,0.0,0.0,0.0,9.4,0,0,Prcard,Taxi Affiliation Service Yellow,1719,0,0.0
0,13.75,8,2,4,1565143200,0.0,0.0,0.0,0.0,4.7,0,0,Cash,Medallion Leasin,420,0,0.0
0,8.0,8,20,5,1564690500,0.0,0.0,0.0,0.0,1.58,0,0,Cash,Flash Cab,561,0,0.0
0,35.45,2,23,5,1391730300,0.0,0.0,0.0,0.0,0.0,0,0,Credit Card,Chicago Elite Cab Corp. (Chicago Carriag,0,0,7.09
0,3.25,8,15,6,1564758900,0.0,0.0,0.0,0.0,0.0,0,0,Cash,Blue Ribbon Taxi Association Inc.,60,0,0.0
0,41.5,8,20,6,1566593100,0.0,0.0,0.0,0.0,16.5,0,0,Credit Card,Star North Management LLC,1980,0,9.2
0,3.25,8,11,4,1565176500,0.0,0.0,0.0,0.0,0.0,17031805901,17031805901,Cash,Taxi Affiliation Services,0,0,0.0
0,4.0,8,11,1,1566733500,0.0,0.0,0.0,0.0,0.3,0,0,Cash,Choice Taxi Association,120,0,0.0
0,18.05,11,15,7,1416063600,0.0,0.0,0.0,0.0,6.7,0,0,Credit Card,NA,1320,0,4.0
0,5.45,11,9,7,1416043800,0.0,0.0,0.0,0.0,0.8,0,0,Cash,NA,300,0,0.0
0,7.45,11,10,7,1416048300,0.0,0.0,0.0,0.0,1.7,0,0,Cash,NA,540,0,0.0
0,7.85,11,11,7,1416049200,0.0,0.0,0.0,0.0,1.6,0,0,Cash,NA,660,0,0.0
0,6.25,11,11,7,1416051000,0.0,0.0,0.0,0.0,1.3,0,0,Cash,NA,360,0,0.0
0,11.65,11,12,7,1416052800,0.0,0.0,0.0,0.0,2.9,0,0,Credit Card,NA,1140,0,2.0
0,10.65,11,12,7,1416053700,0.0,0.0,0.0,0.0,3.3,0,0,Credit Card,NA,780,0,3.0
0,7.25,11,7,7,1416036600,0.0,0.0,0.0,0.0,1.9,0,0,Cash,NA,420,0,0.0
0,9.65,11,7,7,1416037500,0.0,0.0,0.0,0.0,2.8,0,0,Credit Card,NA,720,0,3.0
0,5.25,11,8,7,1416039300,0.0,0.0,0.0,0.0,0.7,0,0,Cash,NA,240,0,0.0
0,6.65,11,8,7,1416041100,0.0,0.0,0.0,0.0,1.6,0,0,Credit Card,NA,360,0,5.0
0,9.65,11,2,1,1416103200,0.0,0.0,0.0,0.0,2.6,0,0,Credit Card,NA,720,0,3.0
0,63.25,8,5,1,1565502300,0.0,0.0,0.0,0.0,18.3,0,0,Credit Card,Checker Taxi Affiliation,2778,0,10.31
0,9.75,8,8,3,1566290700,0.0,0.0,0.0,0.0,2.44,0,0,Cash,Flash Cab,620,0,0.0
0,5.75,8,12,3,1566304200,0.0,0.0,0.0,0.0,0.8,0,0,Credit Card,Top Cab Affiliation,300,0,2.0
0,6.75,8,15,2,1408979700,0.0,0.0,0.0,0.0,0.0,0,0,Credit Card,Chicago Elite Cab Corp. (Chicago Carriag,0,0,1.35
0,13.45,11,18,7,1416075300,0.0,0.0,0.0,0.0,4.7,0,0,Cash,NA,1140,0,0.0
0,7.05,11,19,7,1416078900,0.0,0.0,0.0,0.0,1.9,0,0,Cash,NA,420,0,0.0
0,7.75,8,8,4,1565166600,0.0,0.0,0.0,0.0,0.0,0,0,Cash,Blue Ribbon Taxi Association Inc.,540,0,0.0
0,6.5,8,14,4,1567001700,0.0,0.0,0.0,0.0,0.7,0,0,Credit Card,Choice Taxi Association,480,0,3.0
0,10.25,8,14,1,1564929000,0.0,0.0,0.0,0.0,2.5,0,0,Cash,KOAM Taxi Association,780,0,0.0
0,9.25,8,9,7,1564824600,0.0,0.0,0.0,0.0,2.06,0,0,Credit Card,Flash Cab,701,0,2.0
0,16.5,8,11,6,1565350200,0.0,0.0,0.0,0.0,0.3,0,0,Cash,Blue Ribbon Taxi Association Inc.,900,0,0.0
0,10.0,8,18,4,1565200800,0.0,0.0,0.0,0.0,1.74,0,0,Credit Card,Chicago Carriage Cab Corp,954,0,3.0
0,37.65,11,12,7,1416053700,0.0,0.0,0.0,0.0,18.8,0,0,Credit Card,NA,1800,0,8.13
0,7.05,8,16,1,1408896900,0.0,0.0,0.0,0.0,0.0,0,0,Credit Card,Chicago Elite Cab Corp. (Chicago Carriag,0,0,2.12
0,9.5,8,8,5,1565253000,0.0,0.0,0.0,0.0,2.26,0,0,Credit Card,Chicago Carriage Cab Corp,728,0,2.0
0,2.0,8,8,2,1566201600,0.0,0.0,0.0,0.0,0.0,0,0,Cash,Flash Cab,42,0,0.0
0,46.0,8,22,6,1565993700,0.0,0.0,0.0,0.0,18.0,0,0,Credit Card,City Service,2034,0,5.0
0,7.75,8,8,3,1565080200,0.0,0.0,0.0,0.0,1.09,0,0,Credit Card,Flash Cab,671,0,2.0
0,13.65,11,22,7,1416090600,0.0,0.0,0.0,0.0,4.2,0,0,Cash,NA,1380,0,0.0
0,5.75,8,11,6,1567164600,0.0,0.0,0.0,0.0,0.9,0,0,Cash,Choice Taxi Association,300,0,0.0
0,7.45,11,23,7,1416094200,0.0,0.0,0.0,0.0,1.6,0,0,Cash,NA,600,0,0.0
0,88.25,8,15,2,1566229500,0.0,0.0,0.0,0.0,36.16,0,0,Cash,Flash Cab,4116,0,0.0
0,45.5,8,19,2,1565638200,0.0,0.0,0.0,0.0,17.5,0,0,Credit Card,Metro Jet Taxi A,2906,0,7.72
0,6.05,11,1,1,1416099600,0.0,0.0,0.0,0.0,1.2,0,0,Cash,NA,360,0,0.0
0,6.5,8,9,2,1566207900,0.0,0.0,0.0,0.0,1.0,0,0,Cash,Top Cab Affiliation,420,0,0.0
0,5.45,8,18,2,1408989600,0.0,0.0,0.0,0.0,0.0,0,0,Credit Card,Chicago Elite Cab Corp. (Chicago Carriag,0,0,0.5
0,8.5,8,20,7,1566073800,0.0,0.0,0.0,0.0,2.14,0,0,Cash,Sun Taxi,49458,0,0.0
0,6.5,8,6,6,1566542700,0.0,0.0,0.0,0.0,2.0,0,0,Credit Card,Chicago Taxicab,377,0,1.0
0,8.0,8,23,6,1566603000,0.0,0.0,0.0,0.0,1.8,0,0,Cash,Star North Management LLC,480,0,0.0
0,12.25,8,20,1,1408912200,0.0,0.0,0.0,0.0,0.0,0,0,Credit Card,Chicago Elite Cab Corp. (Chicago Carriag,0,0,2.45
0,8.05,11,0,1,1416097800,0.0,0.0,0.0,0.0,2.2,0,0,Credit Card,NA,540,0,2.0
0,5.25,8,16,1,1408896000,0.0,0.0,0.0,0.0,0.0,0,0,Credit Card,T.A.S. - Payment Only,0,0,1.0
0,5.65,11,16,7,1416069900,0.0,0.0,0.0,0.0,1.3,0,0,Cash,NA,240,0,0.0
0,9.75,8,15,7,1565451900,0.0,0.0,0.0,0.0,2.3,0,0,Credit Card,City Service,739,0,2.0
0,98.85,1,23,7,1390692600,0.0,0.0,0.0,0.0,0.0,0,0,Credit Card,Chicago Elite Cab Corp. (Chicago Carriag,240,0,24.71
0,7.25,8,12,6,1564747200,0.0,0.0,0.0,0.0,1.4,0,0,Credit Card,Star North Management LLC,420,0,1.0
0,34.0,8,13,7,1564839900,0.0,0.0,0.0,0.0,0.0,0,0,Credit Card,Suburban Dispatch LLC,0,0,4.0
0,2.0,8,9,4,1566380700,0.0,0.0,0.0,0.0,0.0,0,0,Cash,Taxi Affiliation Services,0,0,0.0
0,6.25,8,14,4,1566396900,0.0,0.0,0.0,0.0,1.09,0,0,Credit Card,Flash Cab,430,0,2.0
0,20.0,8,19,6,1564775100,0.0,0.0,0.0,0.0,0.0,0,0,Cash,Blue Ribbon Taxi Association Inc.,300,0,0.0
0,35.75,8,11,4,1566991800,0.0,0.0,0.0,0.0,0.0,0,0,Cash,Star North Management LLC,1980,0,0.0
0,6.05,8,10,2,1408962600,0.0,0.0,0.0,0.0,0.0,0,0,Credit Card,T.A.S. - Payment Only,0,0,3.0
0,5.65,8,12,4,1408537800,0.0,0.0,0.0,0.0,0.0,0,0,Credit Card,Chicago Elite Cab Corp. (Chicago Carriag,0,0,1.13
0,12.65,8,16,1,1408897800,0.0,0.0,0.0,0.0,0.0,0,0,Credit Card,Chicago Elite Cab Corp. (Chicago Carriag,0,0,2.53
0,14.75,8,8,6,1567152900,0.0,0.0,0.0,0.0,4.46,0,0,Cash,Chicago Carriage Cab Corp,653,0,0.0
0,6.0,8,8,2,1566203400,0.0,0.0,0.0,0.0,0.72,0,0,Credit Card,Flash Cab,279,0,2.0
0,4.5,8,13,5,1565271000,0.0,0.0,0.0,0.0,0.52,0,0,Cash,Flash Cab,233,0,0.0
0,11.75,8,12,5,1565872200,0.0,0.0,0.0,0.0,0.0,0,0,Credit Card,Suburban Dispatch LLC,0,0,5.0
0,8.5,8,16,6,1567180800,0.0,0.0,0.0,0.0,1.38,0,0,Cash,Flash Cab,796,0,0.0
0,4.75,8,12,4,1565786700,0.0,0.0,0.0,0.0,0.5,0,0,Credit Card,Chicago Taxicab,202,0,1.0
0,42.5,8,22,2,1565043300,0.0,0.0,0.0,0.0,17.25,0,0,Credit Card,Flash Cab,1324,0,7.05
0,4.75,8,10,5,1565259300,0.0,0.0,0.0,0.0,0.47,0,0,Credit Card,Flash Cab,237,0,1.0
0,5.75,8,14,4,1565186400,0.0,0.0,0.0,0.0,0.7,0,0,Cash,Star North Management LLC,360,0,0.0
0,35.25,8,18,5,1565892000,0.0,0.0,0.0,0.0,12.63,0,0,Cash,Flash Cab,3059,0,0.0
0,9.75,8,8,3,1565684100,0.0,0.0,0.0,0.0,1.63,0,0,Credit Card,Flash Cab,932,0,1.0
0,14.0,8,17,5,1565891100,0.0,0.0,0.0,0.0,3.3,0,0,Credit Card,Chicago Independents,1356,0,2.9
0,5.0,8,10,6,1565951400,0.0,0.0,0.0,0.0,0.6,0,0,Cash,Chicago Taxicab,313,0,0.0
0,4.85,1,23,7,1390691700,0.0,0.0,0.0,0.0,0.0,0,0,Credit Card,Chicago Elite Cab Corp. (Chicago Carriag,0,0,0.0
0,37.0,8,0,7,1566001800,0.0,0.0,0.0,0.0,14.2,0,0,Credit Card,Star North Management LLC,1860,0,6.15
0,24.85,8,7,2,1408950000,0.0,0.0,0.0,0.0,0.0,0,0,No Charge,T.A.S. - Payment Only,0,0,0.0
0,6.75,8,21,1,1566767700,0.0,0.0,0.0,0.0,1.5,0,0,Cash,Chicago Taxicab,367,0,0.0
0,29.05,8,10,2,1408961700,0.0,0.0,0.0,0.0,0.0,0,0,Credit Card,Chicago Elite Cab Corp. (Chicago Carriag,0,0,7.26
0,9.25,8,12,2,1566216000,0.0,0.0,0.0,0.0,1.7,0,0,Credit Card,Medallion Leasin,881,0,2.0
0,12.0,8,11,5,1566472500,0.0,0.0,0.0,0.0,3.1,0,0,Credit Card,Choice Taxi Association,960,0,2.7
0,9.45,8,14,2,1408977900,0.0,0.0,0.0,0.0,0.0,0,0,Credit Card,T.A.S. - Payment Only,0,0,2.36
0,2.0,8,7,2,1566200700,0.0,0.0,0.0,0.0,0.0,17031829402,17031829402,Cash,Taxi Affiliation Services,0,0,0.0
0,4.5,8,14,2,1566829800,0.0,0.0,0.0,0.0,0.4,0,0,Cash,Chicago Independents,249,0,0.0
0,14.5,8,23,5,1564702200,0.0,0.0,0.0,0.0,3.9,0,0,Credit Card,Star North Management LLC,1200,0,1.0
0,7.75,8,17,6,1565371800,0.0,0.0,0.0,0.0,1.1,0,0,Cash,Top Cab Affiliation,660,0,0.0
0,9.25,8,13,3,1565702100,0.0,0.0,0.0,0.0,1.88,0,0,Credit Card,Taxi Affiliation Service Yellow,739,0,2.0
0,67.25,8,20,1,1566159300,0.0,0.0,0.0,0.0,27.95,0,0,Credit Card,Flash Cab,2346,0,18.31
0,9.0,8,20,4,1566417600,0.0,0.0,0.0,0.0,2.04,0,0,Credit Card,Chicago Carriage Cab Corp,705,0,0.04
0,5.75,8,16,6,1565972100,0.0,0.0,0.0,0.0,0.49,0,0,Cash,Flash Cab,426,0,0.0
0,24.25,8,1,4,1565139600,0.0,0.0,0.0,0.0,8.8,0,0,Cash,Star North Management LLC,1080,0,0.0
0,6.25,8,14,2,1566830700,0.0,0.0,0.0,0.0,0.0,0,0,Credit Card,Suburban Dispatch LLC,0,0,2.0
0,8.25,8,15,5,1565882100,0.0,0.0,0.0,0.0,1.5,0,0,Cash,Choice Taxi Association,600,0,0.0
0,38.05,8,16,2,1408984200,0.0,0.0,0.0,0.0,0.0,0,0,Credit Card,Chicago Elite Cab Corp. (Chicago Carriag,0,0,7.61
0,8.4,6,15,2,1466437500,0.0,0.0,0.0,0.0,2.7,0,0,Cash,303 Taxi,568,0,0.0
0,2.0,8,15,6,1565968500,0.0,0.0,0.0,0.0,0.0,0,0,Cash,Flash Cab,38,0,0.0
0,12.85,8,7,2,1408950900,0.0,0.0,0.0,0.0,0.0,0,0,Credit Card,Chicago Elite Cab Corp. (Chicago Carriag,0,0,2.57
0,35.0,8,21,3,1566942300,0.0,0.0,0.0,0.0,0.0,0,0,Credit Card,Suburban Dispatch LLC,0,0,5.0
0,10.5,8,18,5,1565289900,0.0,0.0,0.0,0.0,3.0,0,0,Credit Card,"Taxicab Insurance Agency, LLC",480,0,4.5
0,14.5,8,12,7,1566045000,0.0,0.0,0.0,0.0,2.9,0,0,Cash,Chicago Independents,1560,0,0.0
0,41.05,8,16,2,1408983300,0.0,0.0,0.0,0.0,0.0,0,0,Credit Card,Chicago Elite Cab Corp. (Chicago Carriag,0,0,5.0
0,24.45,8,14,4,1408545000,0.0,0.0,0.0,0.0,0.0,0,0,Credit Card,Chicago Elite Cab Corp. (Chicago Carriag,0,0,6.11
0,35.0,8,22,6,1564785000,0.0,0.0,0.0,0.0,0.0,0,0,Cash,Blue Ribbon Taxi Association Inc.,720,0,0.0
0,59.75,8,16,6,1565973900,0.0,0.0,0.0,0.0,23.89,0,0,Credit Card,Flash Cab,3664,0,19.85
0,8.0,8,13,5,1565271900,0.0,0.0,0.0,0.0,0.0,0,0,Cash,Blue Ribbon Taxi Association Inc.,600,0,0.0
0,47.25,8,0,7,1565396100,0.0,0.0,0.0,0.0,17.82,0,0,Credit Card,Flash Cab,3045,0,0.0
0,7.0,8,12,5,1564661700,0.0,0.0,0.0,0.0,1.45,0,0,Credit Card,5 Star Taxi,422,0,3.0
0,29.6,8,4,6,1564718400,0.0,0.0,0.0,0.0,13.8,0,0,Credit Card,Taxi Affiliation Services,900,0,0.0
0,7.5,8,8,3,1566290700,0.0,0.0,0.0,0.0,1.48,0,0,Cash,Flash Cab,518,0,0.0
0,20.75,8,1,6,1566522900,0.0,0.0,0.0,0.0,0.4,0,0,Cash,Blue Ribbon Taxi Association Inc.,1200,0,0.0
0,9.65,8,11,4,1408532400,0.0,0.0,0.0,0.0,0.0,0,0,Credit Card,Chicago Elite Cab Corp. (Chicago Carriag,0,0,1.93
0,5.25,12,9,2,1388395800,0.0,0.0,0.0,0.0,0.7,0,0,Cash,Top Cab Affiliation,240,0,0.0
0,5.05,12,10,4,1418207400,0.0,0.0,0.0,0.0,0.7,0,0,Credit Card,NA,240,0,3.0
0,6.25,8,12,5,1564660800,0.0,0.0,0.0,0.0,1.1,0,0,Cash,Chicago Independents,390,0,0.0
0,3.25,8,18,6,1567190700,0.0,0.0,0.0,0.0,0.01,0,0,Cash,Patriot Taxi Dba Peace Taxi Associat,0,0,0.0
0,9.25,8,11,1,1566127800,0.0,0.0,0.0,0.0,2.0,0,0,Credit Card,Chicago Taxicab,671,0,3.0
0,0.01,8,14,3,1565706600,0.0,0.0,0.0,0.0,1.97,0,0,Cash,Flash Cab,364,0,0.0
0,5.45,8,11,4,1408532400,0.0,0.0,0.0,0.0,0.0,0,0,Credit Card,T.A.S. - Payment Only,0,0,1.09
0,33.0,8,7,2,1566200700,0.0,0.0,0.0,0.0,0.0,0,0,Credit Card,Suburban Dispatch LLC,0,0,3.0
0,5.65,12,20,1,1388349000,0.0,0.0,0.0,0.0,0.0,0,0,Credit Card,Chicago Elite Cab Corp. (Chicago Carriag,240,0,1.13
0,5.45,12,10,4,1418207400,0.0,0.0,0.0,0.0,1.0,0,0,Cash,NA,300,0,0.0
0,10.75,8,14,6,1564757100,0.0,0.0,0.0,0.0,2.3,0,0,Cash,Chicago Independents,1035,0,0.0
0,18.5,8,5,7,1565415000,0.0,0.0,0.0,0.0,6.6,0,0,Cash,Metro Jet Taxi A,886,0,0.0
0,5.0,8,18,1,1566152100,0.0,0.0,0.0,0.0,0.7,0,0,Cash,"Taxicab Insurance Agency, LLC",240,0,0.0
0,9.5,8,14,1,1566137700,0.0,0.0,0.0,0.0,2.0,0,0,Cash,Chicago Taxicab,800,0,0.0
0,31.25,1,15,3,1390316400,0.0,0.0,0.0,0.0,0.0,0,0,Credit Card,Taxi Affiliation Services,0,0,4.0
0,4.75,8,4,1,1564891200,0.0,0.0,0.0,0.0,0.4,0,0,Credit Card,Flash Cab,254,0,1.0
0,9.5,8,17,2,1566838800,0.0,0.0,0.0,0.0,1.7,0,0,Credit Card,Chicago Independents,900,0,3.0
0,5.0,8,16,7,1566060300,0.0,0.0,0.0,0.0,0.0,0,0,Cash,Taxi Affiliation Services,300,0,0.0
0,50.5,8,18,6,1564770600,0.0,0.0,0.0,0.0,18.3,0,0,Credit Card,"Taxicab Insurance Agency, LLC",4140,0,10.2
0,11.0,8,10,2,1566208800,0.0,0.0,0.0,0.0,3.23,0,0,Cash,Flash Cab,484,0,0.0
0,17.5,8,22,6,1566598500,0.0,0.0,0.0,0.0,4.9,0,0,Credit Card,Chicago Carriage Cab Corp,1597,0,4.88
0,14.57,8,15,5,1567093500,0.0,0.0,0.0,0.0,0.0,0,0,Credit Card,Suburban Dispatch LLC,0,0,0.0
0,18.25,1,22,4,1391033700,0.0,0.0,0.0,0.0,0.0,0,0,Credit Card,Taxi Affiliation Services,0,0,0.0
0,10.0,8,18,5,1565289900,0.0,0.0,0.0,0.0,1.76,0,0,Cash,Flash Cab,997,0,0.0
0,7.25,8,18,7,1564856100,0.0,0.0,0.0,0.0,0.9,0,0,Cash,Medallion Leasin,540,0,0.0
0,51.5,8,9,2,1566207000,0.0,0.0,0.0,0.0,21.1,0,0,Credit Card,Choice Taxi Association,1860,0,12.3
0,5.5,8,20,2,1566247500,0.0,0.0,0.0,0.0,0.73,0,0,Credit Card,Flash Cab,304,0,2.0
0,7.5,8,1,4,1565744400,0.0,0.0,0.0,0.0,1.11,0,0,Cash,Patriot Taxi Dba Peace Taxi Associat,660,0,0.0
0,52.0,8,15,1,1566746100,0.0,0.0,0.0,0.0,20.35,0,0,Credit Card,Flash Cab,3327,0,8.48
0,43.75,8,13,4,1566394200,0.0,0.0,0.0,0.0,17.6,0,0,Credit Card,Star North Management LLC,1860,0,9.65
0,6.5,8,16,6,1567182600,0.0,0.0,0.0,0.0,0.6,0,0,Credit Card,"Taxicab Insurance Agency, LLC",540,0,2.0
0,5.75,8,12,4,1566996300,0.0,0.0,0.0,0.0,1.5,0,0,Credit Card,Chicago Taxicab,358,0,2.0
0,15.0,8,16,6,1567183500,0.0,0.0,0.0,0.0,3.3,0,0,Cash,Choice Taxi Association,1620,0,0.0
0,5.6,6,6,3,1466491500,0.0,0.0,0.0,0.0,1.6,0,0,Cash,303 Taxi,363,0,0.0
0,6.5,8,13,5,1567083600,0.0,0.0,0.0,0.0,1.0,0,0,Cash,4787 - 56058 Reny Cab Co,540,0,0.0
0,13.2,8,17,3,1566925200,0.0,0.0,0.0,0.0,5.0,0,0,Cash,Taxi Affiliation Services,840,0,0.0
0,19.0,6,11,2,1466421300,0.0,0.0,0.0,0.0,6.9,0,0,Credit Card,303 Taxi,910,0,2.85
0,2.0,6,12,2,1466425800,0.0,0.0,0.0,0.0,0.0,0,0,Cash,303 Taxi,3,0,0.0
0,9.2,6,12,2,1466426700,0.0,0.0,0.0,0.0,3.2,0,0,Cash,303 Taxi,482,0,0.0
0,3.25,8,8,5,1564648200,0.0,0.0,0.0,0.0,0.0,0,0,Cash,City Service,58,0,0.0
0,38.75,8,15,4,1565796600,0.0,0.0,0.0,0.0,14.34,0,0,Cash,Chicago Carriage Cab Corp,2879,0,0.0
0,7.5,8,12,2,1566821700,0.0,0.0,0.0,0.0,1.31,0,0,Cash,Flash Cab,622,0,0.0
0,3.25,8,0,7,1566000900,0.0,0.0,0.0,0.0,1.2,0,0,Credit Card,"Taxicab Insurance Agency, LLC",60,0,1.0
0,45.25,8,17,6,1567184400,0.0,0.0,0.0,0.0,17.62,0,0,Cash,Chicago Carriage Cab Corp,2747,0,0.0
0,5.75,8,15,1,1565535600,0.0,0.0,0.0,0.0,0.9,0,0,Cash,Choice Taxi Association,360,0,0.0
0,31.85,11,19,3,1416339000,0.0,0.0,0.0,0.0,15.5,0,0,Cash,NA,1440,0,0.0
0,2.0,6,13,2,1466427600,0.0,0.0,0.0,0.0,0.0,0,0,Cash,303 Taxi,2,0,0.0
0,17.0,8,22,7,1566684900,0.0,0.0,0.0,0.0,5.6,0,0,Cash,Chicago Carriage Cab Corp,1011,0,0.0
0,42.75,8,11,2,1566215100,0.0,0.0,0.0,0.0,17.1,0,0,Credit Card,Petani Cab Corp,1860,0,9.65
0,37.5,8,17,3,1566926100,0.0,0.0,0.0,0.0,0.0,0,0,Cash,Flash Cab,4,0,0.0
0,6.25,8,14,2,1565014500,0.0,0.0,0.0,0.0,0.9,0,0,Cash,Medallion Leasin,434,0,0.0
0,23.0,8,17,6,1564767900,0.0,0.0,0.0,0.0,6.4,0,0,Credit Card,Chicago Taxicab,2213,0,0.0
0,3.25,8,6,4,1565764200,0.0,0.0,0.0,0.0,0.0,0,0,Cash,Flash Cab,43,0,0.0
0,6.25,8,18,3,1565117100,0.0,0.0,0.0,0.0,0.95,0,0,Cash,Flash Cab,442,0,0.0
0,12.0,8,22,5,1566512100,0.0,0.0,0.0,0.0,0.0,0,0,Credit Card,Top Cab Affiliation,0,0,4.95
0,2.0,6,13,2,1466428500,0.0,0.0,0.0,0.0,0.0,0,0,Cash,303 Taxi,1,0,0.0
0,11.5,8,23,6,1566602100,0.0,0.0,0.0,0.0,3.1,0,0,Cash,Chicago Independents,868,0,0.0
0,122.5,8,18,2,1565635500,0.0,0.0,0.0,0.0,51.69,0,0,Credit Card,Flash Cab,7440,0,24.8
0,7.25,8,12,4,1565785800,0.0,0.0,0.0,0.0,1.4,0,0,Cash,Metro Jet Taxi A,518,0,0.0
0,11.75,8,3,7,1565408700,0.0,0.0,0.0,0.0,3.22,0,0,Cash,Patriot Taxi Dba Peace Taxi Associat,600,0,0.0
0,11.5,8,19,4,1566414000,0.0,0.0,0.0,0.0,2.0,0,0,Credit Card,Top Cab Affiliation,1200,0,2.4
0,6.85,1,15,3,1390316400,0.0,0.0,0.0,0.0,0.0,0,0,Credit Card,Chicago Elite Cab Corp. (Chicago Carriag,420,0,4.0
0,6.25,8,16,6,1565369100,0.0,0.0,0.0,0.0,1.0,0,0,Cash,City Service,527,0,0.0
0,17.2,8,14,6,1567176300,0.0,0.0,0.0,0.0,5.22,0,0,Cash,Flash Cab,1103,0,0.0
0,46.0,8,19,1,1566762300,0.0,0.0,0.0,0.0,18.42,0,0,Credit Card,Flash Cab,2118,0,10.1
0,31.25,8,15,6,1565969400,0.0,0.0,0.0,0.0,10.08,0,0,Cash,Chicago Carriage Cab Corp,2737,0,0.0
0,5.85,12,22,1,1388354400,0.0,0.0,0.0,0.0,0.0,0,0,Credit Card,Chicago Elite Cab Corp. (Chicago Carriag,180,0,1.17
0,9.75,8,23,6,1566603900,0.0,0.0,0.0,0.0,0.0,0,0,Credit Card,Suburban Dispatch LLC,0,0,1.5
0,50.0,8,23,6,1564789500,0.0,0.0,0.0,0.0,0.0,0,0,Credit Card,Suburban Dispatch LLC,0,0,0.0
0,15.25,8,21,6,1564781400,0.0,0.0,0.0,0.0,4.8,0,0,Credit Card,Star North Management LLC,1020,0,3.15
0,30.5,8,22,4,1566425700,0.0,0.0,0.0,0.0,10.5,0,0,Cash,Star North Management LLC,2280,0,0.0
0,2.0,8,15,4,1567007100,0.0,0.0,0.0,0.0,0.0,17031829800,17031829800,Cash,Taxi Affiliation Services,0,0,0.0
0,8.0,8,9,6,1564737300,0.0,0.0,0.0,0.0,1.5,0,0,Cash,Medallion Leasin,660,0,0.0
0,10.25,8,18,2,1565635500,0.0,0.0,0.0,0.0,3.03,0,0,Cash,Flash Cab,496,0,0.0
0,6.75,8,9,4,1565170200,0.0,0.0,0.0,0.0,1.01,0,0,Cash,Flash Cab,537,0,0.0
0,29.0,8,1,4,1566954000,0.0,0.0,0.0,0.0,0.0,0,0,Credit Card,Suburban Dispatch LLC,0,0,6.0
0,7.25,8,9,5,1567071900,0.0,0.0,0.0,0.0,0.8,0,0,Cash,Choice Taxi Association,660,0,0.0
0,33.45,12,13,2,1388408400,0.0,0.0,0.0,0.0,0.0,0,0,Credit Card,Taxi Affiliation Services,0,0,5.0
0,15.0,8,19,7,1567278000,0.0,0.0,0.0,0.0,4.0,0,0,Cash,Metro Jet Taxi A,1255,0,0.0
0,3.25,8,21,5,1565298900,0.0,0.0,0.0,0.0,0.0,0,0,Cash,Petani Cab Corp,0,0,0.0
0,9.25,8,15,4,1566400500,0.0,0.0,0.0,0.0,0.92,0,0,Credit Card,Flash Cab,987,0,2.0
0,9.75,8,19,5,1567106100,0.0,0.0,0.0,0.0,2.1,0,0,Cash,Star North Management LLC,780,0,0.0
0,15.6,6,12,3,1466512200,0.0,0.0,0.0,0.0,6.1,0,0,Cash,303 Taxi,967,0,0.0
0,7.75,12,22,1,1388355300,0.0,0.0,0.0,0.0,0.0,0,0,Credit Card,Chicago Elite Cab Corp. (Chicago Carriag,60,0,2.33
0,7.25,12,18,7,1387650600,0.0,0.0,0.0,0.0,0.0,0,0,Credit Card,Chicago Elite Cab Corp. (Chicago Carriag,600,0,1.45
0,7.25,8,11,4,1565781300,0.0,0.0,0.0,0.0,1.09,0,0,Credit Card,Patriot Taxi Dba Peace Taxi Associat,553,0,2.0
0,32.5,8,20,5,1564691400,0.0,0.0,0.0,0.0,11.86,0,0,Mobile,Sun Taxi,2508,0,7.3
0,45.0,8,10,6,1567160100,0.0,0.0,0.0,0.0,18.36,0,0,Credit Card,Flash Cab,1865,0,9.7
0,19.75,8,19,7,1564858800,0.0,0.0,0.0,0.0,7.1,0,0,Cash,Chicago Medallion Management,600,0,0.0
0,8.25,8,16,5,1564676100,0.0,0.0,0.0,0.0,1.91,0,0,Credit Card,Chicago Carriage Cab Corp,496,0,3.0
0,7.0,8,0,1,1565481600,0.0,0.0,0.0,0.0,1.0,0,0,Cash,Top Cab Affiliation,480,0,0.0
0,7.5,8,8,6,1565943300,0.0,0.0,0.0,0.0,1.1,0,0,Cash,Chicago Taxicab,675,0,0.0
0,4.6,6,13,3,1466514900,0.0,0.0,0.0,0.0,1.3,0,0,Cash,303 Taxi,184,0,0.0
0,11.75,8,22,7,1567291500,0.0,0.0,0.0,0.0,2.59,0,0,Cash,Flash Cab,1245,0,0.0
0,5.5,8,14,4,1566396000,0.0,0.0,0.0,0.0,0.5,0,0,Cash,Chicago Independents,349,0,0.0
0,6.05,12,18,7,1387650600,0.0,0.0,0.0,0.0,0.0,0,0,Credit Card,Chicago Elite Cab Corp. (Chicago Carriag,480,0,1.0
0,10.65,12,18,7,1387650600,0.0,0.0,0.0,0.0,0.0,0,0,Credit Card,Chicago Elite Cab Corp. (Chicago Carriag,960,0,1.5
0,10.5,8,16,4,1565195400,0.0,0.0,0.0,0.0,2.4,0,0,Cash,Chicago Independents,916,0,0.0
0,35.25,8,11,4,1565781300,0.0,0.0,0.0,0.0,13.3,0,0,Credit Card,Chicago Taxicab,1825,0,7.95
0,11.25,8,4,6,1565325000,0.0,0.0,0.0,0.0,3.3,0,0,Cash,Chicago Independents,600,0,0.0
0,4.65,1,21,4,1391031900,0.0,0.0,0.0,0.0,1.1,0,0,Cash,Dispatch Taxi Affiliation,240,0,0.0
0,12.25,8,9,2,1408959900,0.0,0.0,0.0,0.0,0.0,0,0,Credit Card,Chicago Elite Cab Corp. (Chicago Carriag,0,0,2.45
0,3.25,8,6,2,1566197100,0.0,0.0,0.0,0.0,0.0,0,0,Cash,Flash Cab,49,0,0.0
0,6.5,8,11,6,1565955000,0.0,0.0,0.0,0.0,1.0,0,0,Credit Card,City Service,460,0,2.0
0,5.25,8,16,6,1565368200,0.0,0.0,0.0,0.0,0.8,0,0,Prcard,Medallion Leasin,279,0,0.0
0,7.0,8,9,3,1566898200,0.0,0.0,0.0,0.0,0.91,0,0,Cash,Chicago Carriage Cab Corp,621,0,0.0
0,7.5,8,1,7,1565400600,0.0,0.0,0.0,0.0,0.1,0,0,Credit Card,Blue Ribbon Taxi Association Inc.,360,0,3.0
0,47.0,8,11,6,1565954100,0.0,0.0,0.0,0.0,18.8,0,0,Credit Card,Flash Cab,2767,0,12.88
0,11.5,8,16,7,1566059400,0.0,0.0,0.0,0.0,2.8,0,0,Credit Card,Chicago Independents,986,0,3.0
0,7.25,8,11,5,1567079100,0.0,0.0,0.0,0.0,1.0,0,0,Credit Card,City Service,562,0,0.0
0,3.5,8,13,6,1564751700,0.0,0.0,0.0,0.0,0.07,0,0,Cash,Flash Cab,69,0,0.0
0,13.05,12,18,7,1387650600,0.0,0.0,0.0,0.0,0.0,0,0,Credit Card,Chicago Elite Cab Corp. (Chicago Carriag,1140,0,2.61
0,2.0,8,8,5,1567066500,0.0,0.0,0.0,0.0,0.0,0,0,Cash,Taxi Affiliation Services,0,0,0.0
0,42.75,8,11,3,1565090100,0.0,0.0,0.0,0.0,16.9,0,0,Cash,Chicago Independents,1740,0,0.0
0,9.5,8,1,5,1565832600,0.0,0.0,0.0,0.0,0.0,0,0,Credit Card,Suburban Dispatch LLC,0,0,2.5
0,8.75,8,8,6,1564733700,0.0,0.0,0.0,0.0,0.0,0,0,Cash,"Taxicab Insurance Agency, LLC",660,0,0.0
0,6.5,8,10,5,1566468000,0.0,0.0,0.0,0.0,0.9,0,0,Cash,Medallion Leasin,480,0,0.0
0,11.5,8,23,4,1565218800,0.0,0.0,0.0,0.0,3.1,0,0,Cash,City Service,780,0,0.0
0,6.0,8,13,4,1565787600,0.0,0.0,0.0,0.0,0.9,0,0,Cash,"Taxicab Insurance Agency, LLC",360,0,0.0
0,54.05,8,12,2,1408968900,0.0,0.0,0.0,0.0,0.0,0,0,Credit Card,Chicago Elite Cab Corp. (Chicago Carriag,0,0,13.51
0,38.0,8,4,2,1564980300,0.0,0.0,0.0,0.0,16.75,0,0,Credit Card,Flash Cab,1182,0,5.78
0,7.25,8,20,4,1565208000,0.0,0.0,0.0,0.0,1.3,0,0,Credit Card,Star North Management LLC,480,0,2.0
0,9.45,8,10,2,1408961700,0.0,0.0,0.0,0.0,2.2,0,0,Cash,Choice Taxi Association,900,0,0.0
0,45.0,8,13,2,1565010900,0.0,0.0,0.0,0.0,17.7,0,0,Credit Card,Choice Taxi Association,2760,0,9.9
0,14.25,8,15,2,1566833400,0.0,0.0,0.0,0.0,4.6,0,0,Credit Card,City Service,577,0,2.95
0,47.5,8,10,4,1566381600,0.0,0.0,0.0,0.0,18.0,0,0,Cash,Medallion Leasin,2520,0,0.0
0,6.55,1,21,7,1390686300,0.0,0.0,0.0,0.0,0.0,0,0,Credit Card,Chicago Elite Cab Corp. (Chicago Carriag,0,0,0.0
0,6.25,8,14,3,1566914400,0.0,0.0,0.0,0.0,1.04,0,0,Cash,Flash Cab,407,0,0.0
0,42.5,8,12,3,1565095500,0.0,0.0,0.0,0.0,17.36,0,0,Credit Card,Flash Cab,1842,0,10.75
0,3.75,8,4,3,1565670600,0.0,0.0,0.0,0.0,0.0,0,0,Cash,Taxi Affiliation Services,0,0,0.0
0,9.85,1,21,7,1390685400,0.0,0.0,0.0,0.0,0.0,0,0,Credit Card,Chicago Elite Cab Corp. (Chicago Carriag,660,0,1.97
0,7.25,8,7,5,1566459000,0.0,0.0,0.0,0.0,2.4,0,0,Cash,Chicago Taxicab,553,0,0.0
0,5.75,8,15,2,1566227700,0.0,0.0,0.0,0.0,0.8,0,0,Credit Card,Medallion Leasin,360,0,2.0
0,9.0,6,16,6,1466784900,0.0,0.0,0.0,0.0,2.8,0,0,Credit Card,303 Taxi,637,0,5.0
0,200.0,1,11,5,1389267900,0.0,0.0,0.0,0.0,0.0,0,0,Credit Card,Chicago Elite Cab Corp. (Chicago Carriag,0,0,0.0
0,6.75,8,18,2,1565633700,0.0,0.0,0.0,0.0,1.0,0,0,Credit Card,City Service,506,0,2.0
0,3.25,8,22,1,1566168300,0.0,0.0,0.0,0.0,0.0,0,0,Cash,Flash Cab,51,0,0.0
0,37.6,6,16,6,1466786700,0.0,0.0,0.0,0.0,13.3,0,0,Cash,303 Taxi,2319,0,0.0
0,38.75,8,0,6,1565309700,0.0,0.0,0.0,0.0,15.46,0,0,Credit Card,Flash Cab,1717,0,8.85
0,41.75,8,17,3,1566927900,0.0,0.0,0.0,0.0,0.9,0,0,Credit Card,Blue Ribbon Taxi Association Inc.,3060,0,8.45
0,6.25,8,12,5,1566476100,0.0,0.0,0.0,0.0,0.9,0,0,Credit Card,"Taxicab Insurance Agency, LLC",360,0,3.0
0,6.5,8,22,6,1565389800,0.0,0.0,0.0,0.0,0.91,0,0,Cash,Flash Cab,419,0,0.0
0,7.45,1,3,1,1390103100,0.0,0.0,0.0,0.0,0.0,0,0,Credit Card,Chicago Elite Cab Corp. (Chicago Carriag,420,0,1.49
0,4.05,1,17,3,1390326300,0.0,0.0,0.0,0.0,0.0,0,0,Credit Card,Chicago Elite Cab Corp. (Chicago Carriag,0,0,0.0
0,8.5,8,18,3,1565114400,0.0,0.0,0.0,0.0,1.5,0,0,Cash,City Service,808,0,0.0
0,12.25,2,23,7,1391901300,0.0,0.0,0.0,0.0,0.0,0,0,Credit Card,Taxi Affiliation Services,0,0,3.65
0,12.25,8,18,4,1565200800,0.0,0.0,0.0,0.0,2.5,0,0,Credit Card,Choice Taxi Association,1200,0,2.75
0,18.75,8,17,6,1566581400,0.0,0.0,0.0,0.0,0.3,0,0,Credit Card,Blue Ribbon Taxi Association Inc.,1140,0,4.69
0,7.75,8,14,6,1566568800,0.0,0.0,0.0,0.0,1.5,0,0,Cash,City Service,575,0,0.0
0,3.25,8,11,1,1564919100,0.0,0.0,0.0,0.0,0.0,0,0,Cash,Checker Taxi Affiliation,49,0,0.0
0,39.65,12,12,7,1387627200,0.0,0.0,0.0,0.0,0.0,0,0,Credit Card,Taxi Affiliation Services,0,0,6.0
0,10.0,8,10,6,1565346600,0.0,0.0,0.0,0.0,2.22,0,0,Credit Card,Chicago Carriage Cab Corp,754,0,3.0
0,6.25,8,17,2,1566234000,0.0,0.0,0.0,0.0,0.77,0,0,Cash,Chicago Carriage Cab Corp,445,0,0.0
0,35.25,1,20,4,1391027400,0.0,0.0,0.0,0.0,0.0,0,0,Credit Card,Chicago Elite Cab Corp. (Chicago Carriag,0,0,7.05
0,3.5,8,1,7,1566006300,0.0,0.0,0.0,0.0,0.0,0,0,Cash,Chicago Independents,71,0,0.0
0,10.45,1,23,3,1390950000,0.0,0.0,0.0,0.0,0.0,0,0,Credit Card,Chicago Elite Cab Corp. (Chicago Carriag,780,0,2.09
0,9.5,8,13,2,1566824400,0.0,0.0,0.0,0.0,2.26,0,0,Cash,Flash Cab,669,0,0.0
0,17.25,2,23,7,1391901300,0.0,0.0,0.0,0.0,0.0,0,0,Credit Card,Chicago Elite Cab Corp. (Chicago Carriag,0,0,4.31
0,32.5,8,18,6,1566585900,0.0,0.0,0.0,0.0,12.3,0,0,Credit Card,Choice Taxi Association,2280,0,5.0
0,33.45,1,21,6,1390597200,0.0,0.0,0.0,0.0,0.0,0,0,Credit Card,Chicago Elite Cab Corp. (Chicago Carriag,1440,0,6.69
0,6.25,8,8,5,1565251200,0.0,0.0,0.0,0.0,0.7,0,0,Cash,Chicago Taxicab,511,0,0.0
0,15.85,2,23,7,1391901300,0.0,0.0,0.0,0.0,0.0,0,0,Credit Card,Chicago Elite Cab Corp. (Chicago Carriag,0,0,3.96
0,30.5,8,16,5,1565281800,0.0,0.0,0.0,0.0,9.78,0,0,Prcard,Flash Cab,3014,0,0.0
0,31.25,8,18,5,1566497700,0.0,0.0,0.0,0.0,11.53,0,0,Credit Card,Flash Cab,2197,0,4.76
0,10.25,8,14,1,1564929900,0.0,0.0,0.0,0.0,1.98,0,0,Cash,Flash Cab,960,0,0.0
0,6.05,1,20,4,1391026500,0.0,0.0,0.0,0.0,0.0,0,0,Credit Card,Taxi Affiliation Services,0,0,4.0
0,9.0,8,16,6,1564761600,0.0,0.0,0.0,0.0,1.17,0,0,Cash,Chicago Carriage Cab Corp,941,0,0.0
0,12.05,12,20,1,1388349000,0.0,0.0,0.0,0.0,0.0,0,0,Credit Card,Chicago Elite Cab Corp. (Chicago Carriag,0,0,2.41
0,4.75,8,23,3,1565737200,0.0,0.0,0.0,0.0,0.4,0,0,Cash,Star North Management LLC,300,0,0.0
0,9.25,8,20,6,1565381700,0.0,0.0,0.0,0.0,1.86,0,0,Credit Card,Flash Cab,799,0,2.0
0,8.75,8,16,5,1567094400,0.0,0.0,0.0,0.0,1.7,0,0,Credit Card,Medallion Leasin,780,0,2.0
0,8.25,8,18,4,1565806500,0.0,0.0,0.0,0.0,1.75,0,0,Credit Card,Flash Cab,614,0,2.0
0,12.6,8,12,6,1565957700,0.0,0.0,0.0,0.0,0.0,0,0,Cash,Taxi Affiliation Services,600,0,0.0
0,3.25,4,9,6,1396602000,0.0,0.0,0.0,0.0,0.03,0,0,Cash,NA,0,0,0.0
0,8.0,8,21,2,1565643600,0.0,0.0,0.0,0.0,1.9,0,0,Cash,Metro Jet Taxi A,529,0,0.0
0,32.75,8,16,5,1565887500,0.0,0.0,0.0,0.0,12.4,0,0,Credit Card,Chicago Taxicab,2457,0,5.59
0,6.55,8,15,1,1408892400,0.0,0.0,0.0,0.0,0.0,0,0,Credit Card,Chicago Elite Cab Corp. (Chicago Carriag,0,0,1.31
0,15.25,12,11,2,1388402100,0.0,0.0,0.0,0.0,0.0,0,0,Credit Card,Chicago Elite Cab Corp. (Chicago Carriag,0,0,3.81
0,9.0,8,15,3,1565708400,0.0,0.0,0.0,0.0,2.5,0,0,Cash,Chicago Taxicab,455,0,0.0
0,7.25,8,14,3,1566312300,0.0,0.0,0.0,0.0,1.3,0,0,Credit Card,KOAM Taxi Association,480,0,4.0
0,65.0,8,19,3,1565723700,0.0,0.0,0.0,0.0,0.0,0,0,Credit Card,Suburban Dispatch LLC,0,0,0.0
0,8.25,1,11,3,1390304700,0.0,0.0,0.0,0.0,0.0,0,0,Credit Card,Chicago Elite Cab Corp. (Chicago Carriag,540,0,1.65
0,39.75,8,20,6,1566591300,0.0,0.0,0.0,0.0,0.0,0,0,Cash,Star North Management LLC,0,0,0.0
0,10.0,8,19,4,1565811900,0.0,0.0,0.0,0.0,2.4,0,0,Cash,Flash Cab,811,0,0.0
0,8.0,8,20,2,1565035200,0.0,0.0,0.0,0.0,0.0,0,0,Credit Card,Blue Ribbon Taxi Association Inc.,660,0,2.0
0,34.75,8,19,6,1565983800,0.0,0.0,0.0,0.0,12.2,0,0,Credit Card,Star North Management LLC,2520,0,7.85
0,6.85,4,8,6,1396600200,0.0,0.0,0.0,0.0,1.03,0,0,Cash,NA,55740,0,0.0
0,6.05,4,9,6,1396602000,0.0,0.0,0.0,0.0,0.72,0,0,Cash,NA,420,0,0.0
0,6.85,4,8,6,1396599300,0.0,0.0,0.0,0.0,1.03,0,0,Cash,NA,540,0,0.0
0,6.75,8,16,7,1565454600,0.0,0.0,0.0,0.0,0.0,0,0,Credit Card,Blue Ribbon Taxi Association Inc.,480,0,5.0
0,5.25,1,14,3,1390313700,0.0,0.0,0.0,0.0,0.0,0,0,Credit Card,Chicago Elite Cab Corp. (Chicago Carriag,300,0,1.31
0,5.25,8,9,5,1567069200,0.0,0.0,0.0,0.0,0.7,0,0,Cash,Medallion Leasin,240,0,0.0
0,8.25,8,11,2,1566818100,0.0,0.0,0.0,0.0,1.49,0,0,Credit Card,Flash Cab,731,0,2.0
0,26.0,8,15,6,1567177200,0.0,0.0,0.0,0.0,8.28,0,0,Credit Card,Flash Cab,2028,0,6.62
0,8.0,8,7,6,1564731000,0.0,0.0,0.0,0.0,1.65,0,0,Credit Card,Flash Cab,578,0,2.0
0,7.25,1,9,3,1390295700,0.0,0.0,0.0,0.0,0.0,0,0,Credit Card,Chicago Elite Cab Corp. (Chicago Carriag,0,0,1.45
0,5.25,1,3,1,1390103100,0.0,0.0,0.0,0.0,0.0,0,0,Credit Card,Taxi Affiliation Services,0,0,1.0
0,8.25,8,17,2,1565027100,0.0,0.0,0.0,0.0,1.5,0,0,Credit Card,Star North Management LLC,660,0,2.0
0,38.5,8,14,5,1565880300,0.0,0.0,0.0,0.0,14.5,0,0,Credit Card,Top Cab Affiliation,2160,0,8.55
0,2.0,8,13,1,1565531100,0.0,0.0,0.0,0.0,0.0,0,0,No Charge,Suburban Dispatch LLC,0,0,0.0
0,13.0,8,17,6,1567186200,0.0,0.0,0.0,0.0,3.8,0,0,Cash,Star North Management LLC,660,0,0.0
0,9.5,8,17,5,1566495900,0.0,0.0,0.0,0.0,0.1,0,0,Cash,Blue Ribbon Taxi Association Inc.,540,0,0.0
0,48.5,8,15,1,1566747000,0.0,0.0,0.0,0.0,19.33,0,0,Cash,Chicago Carriage Cab Corp,3157,0,0.0
0,17.45,1,18,7,1390675500,0.0,0.0,0.0,0.0,0.0,0,0,Credit Card,Taxi Affiliation Services,0,0,4.0
0,7.75,8,12,2,1565611200,0.0,0.0,0.0,0.0,1.3,0,0,Credit Card,Medallion Leasin,660,0,2.0
0,44.5,8,9,3,1566291600,0.0,0.0,0.0,0.0,17.74,0,0,Credit Card,Flash Cab,2343,0,10.0
0,21.0,8,15,4,1408548600,0.0,0.0,0.0,0.0,0.0,0,0,Credit Card,T.A.S. - Payment Only,0,0,0.0
0,32.05,8,14,4,1408545900,0.0,0.0,0.0,0.0,0.0,0,0,Credit Card,T.A.S. - Payment Only,0,0,6.41
0,41.25,8,22,4,1567030500,0.0,0.0,0.0,0.0,16.4,0,0,Credit Card,Taxi Affiliation Services,2460,0,9.15
0,0.0,12,10,7,1387621800,0.0,0.0,0.0,0.0,0.0,0,0,Cash,Chicago Elite Cab Corp. (Chicago Carriag,60,0,0.0
0,39.0,8,7,6,1564731000,0.0,0.0,0.0,0.0,15.35,0,0,Cash,Flash Cab,1955,0,0.0
0,17.5,8,18,6,1564769700,0.0,0.0,0.0,0.0,5.68,0,0,Cash,Sun Taxi,1098,0,0.0
0,8.5,8,11,3,1566301500,0.0,0.0,0.0,0.0,1.6,0,0,Credit Card,Choice Taxi Association,660,0,3.0
0,0.01,6,21,6,1466802000,0.0,0.0,0.0,0.0,0.0,0,0,Credit Card,303 Taxi,5,0,5.0
0,3.4,6,21,6,1466802000,0.0,0.0,0.0,0.0,0.4,0,0,Cash,303 Taxi,148,0,0.0
0,13.0,6,21,6,1466802900,0.0,0.0,0.0,0.0,5.0,0,0,Cash,303 Taxi,697,0,0.0
0,0.01,6,7,7,1466840700,0.0,0.0,0.0,0.0,0.0,0,0,Cash,303 Taxi,4,0,0.0
0,6.8,6,1,7,1466817300,0.0,0.0,0.0,0.0,1.9,0,0,Cash,303 Taxi,282,0,0.0
0,12.4,6,1,7,1466818200,0.0,0.0,0.0,0.0,4.0,0,0,Credit Card,303 Taxi,575,0,2.48
